DestinationCharger,Supercharger,SuperchargerComingSoon
"Foley, AL 36535","Athens, AL ","Dothan, AL"
"Birmingham, AL 35244","Auburn, AL 36830","Montgomery, AL"
"Montgomery, Alabama 36117","Birmingham, AL 35203-1103","Tuscaloosa, AL"
"Gadsden, Alabama 35904","Greenville, AL 36037","Globe, AZ"
"Birmingham, Alabama 35223","Mobile, AL 36606","Kayenta, AZ"
"Orange Beach, AL 36561","Oxford, AL 36203-0000","Payson, AZ"
"Huntsville, Alabama 35806","Steele, AL 35987","Phoenix, AZ"
"Birmingham, Alabama 35243","Buckeye, AZ 85326","Phoenix, AZ"
"Mobile, Alabama 36609","Casa Grande, AZ 85194","Phoenix, AZ"
"Mongtomery, AL 36117","Mayer, AZ 86333","Sedona, AZ"
"Orange Beach, AL 36561","Flagstaff, AZ 86001","Arkadelphia, AR"
"Prattville, Alabama 36066","Gila Bend, AZ 85337","Bentonville, AR"
"Orange Beach, AL 36561","Holbrook, AZ 86025","Blytheville, AR"
"Prattville, AL 36066","Kingman, AZ 86401","Clarksville, AR"
"Tuscaloosa, Alabama 35401","Page, AZ 86040","Forrest City, AR"
"Decatur, AL 35601","Quartzsite, AZ 85346","Fort Smith, AR"
"Gulf Shores, Alabama 36542","Scottsdale, AZ 85254-2421","Anaheim, CA"
"Hoover, Alabama 35244","Tucson, AZ 85747","Bakersfield, CA"
"Birmingham, Alabama 35243","Wickenburg, AZ 85390","Beverly Hills, CA"
"Tuscaloosa, Alabama 35405","Willcox,  85643-1022","Brea, CA"
"Orange Beach, AL 36561","Yuma, AZ 85364","Calabasas, CA"
"Mobile, AL 36604","Little Rock, AR ","Cambria, CA"
"Dothan, Alabama 36303","Atascadero, CA 93422","Campbell, CA"
"Florence, Alabama 35632","Baker, CA 92309-0000","Carlsbad, CA"
"Florence, Alabama 35632","Bakersfield, CA 93314","Castro Valley, CA"
"Soldotna, Alaska 99669","Barstow, CA 92311","Cerritos, CA"
"Sedona, Arizona 86336","Buellton, CA 93427","Chico, CA"
"Scottsdale, Arizona 85253","Buena Park, CA 90621","Chula Vista, CA"
"Tucson, AZ 85713","Burbank, CA 91502","Commerce, CA"
"Tucson, AZ 85756","Buttonwillow, CA 93206","Concord, CA"
"Kingman, Arizona 86401","Cabazon, CA 92230","Corona, CA"
"Sedona, AZ 86336","Corning, CA 96021","Cupertino, CA"
"Grand Canyon Village, AZ 86023","Crescent City, CA 95531","Daly City, CA"
"Phoenix, AZ 85018","Culver City, CA 90230","Dana Point, CA"
"Sedona, AZ 86351","Dublin, CA 94568","Del Mar, CA"
"Sedona, AZ 86336","El Centro, CA 92243","Downey, CA"
"Chandler, Arizona 85226","Eureka, CA 95501","Dublin, CA"
"Marble Canyon, AZ 86036","Fish Camp, CA 93623","El Cajon, CA"
"Bisbee, AZ 85603","Folsom, CA 95630","Emeryville, CA"
"Sedona, Arizona 86336","Folsom, CA 95630","Escondido, CA"
"Sedona, AZ 86351","Fountain Valley, CA 92708","Fairfield, CA"
"Scottsdale, AZ 85254","Fremont, CA 94538","Folsom, CA"
"Phoenix, Arizona 85034","Fresno, CA 93722","Fontana, CA"
"Phoenix, AZ 85027","Gilroy, CA 95020","Fremont, CA"
"Phoenix, AZ 85034","Groveland, CA 95321","Fresno, CA"
"Flagstaff, AZ 86001","Gustine, CA 95322","Garden Grove, CA"
"Chandler, AZ 85225","Coalinga, CA 93210","Glendale, CA"
"Phoenix, Arizona 85032","Indio, CA 92203","Half Moon Bay, CA"
"Tucson, AZ 85718","Inyokern, CA 93527","Hayward, CA"
"Sedona, AZ 86336","Kettleman City, CA 93239","Hesperia, CA"
"Scottsdale, AZ 85262","Lone Pine, CA 93545","Highland, CA"
"Tempe, Arizona 85281","Hawthorne, CA 90250","Hollywood, CA"
"Mesa, Arizona 85206","Mammoth Lakes, CA 93546","Huntington Beach, CA"
"Sierra Vista, AZ 85635","Manteca, CA 95337","Indio, CA"
"Parker, AZ 85344","Mojave, CA 93501","Irvine, CA"
"Snowflake, Arizona 85937","Monterey, CA 93940-6168","Kirkwood, CA"
"Phoenix, AZ 85054","Seaside, CA 93955","Kramer Junction, CA"
"Chandler, AZ 85224","Mountain View, CA 94043","Lake Elsinore, CA"
"Scottsdale, AZ 85260","Mt. Shasta, CA 96067","Lakewood, CA"
"Globe, AZ 85501","Mt. Shasta, CA 96067-2501","Laytonville, CA"
"Williams, AZ 86046","Napa, CA 94558","Long Beach, CA"
"Flagstaff, AZ 86004","Needles, CA 92363","Los Angeles, CA"
"Sedona, Arizona 86351","Oxnard, CA 93036","Malibu, CA"
"Scottsdale, AZ 85258","Petaluma, CA 94952","Manhattan Beach, CA"
"Tucson, AZ 85745","Rancho Cucamonga, CA 91739","Marin City, CA"
"Sedona, Arizona 86336","Redondo Beach, CA 90278","Mendocino, CA"
"Winslow, AZ 86047","Riverside,  92501","Merced, CA"
"Sedona, Arizona 86336","Roseville, CA 95678","Milpitas, CA"
"Catalina, Arizona 85739","Sacramento, CA 95834-0000","Mission Viejo, CA"
"Tuba City, AZ 86045","Rocklin, CA 95677","Mojave, CA"
"Paradise Valley, Arizona 85253","Salinas, CA 93906-5102","Moreno Valley, CA"
"Cottonwood, AZ 86326","San Clemente, CA 92672-7706","Mountain View, CA"
"Phoenix, AZ 85020","San Diego, CA 92121","Napa, CA"
"Payson, AZ 85541","San Juan Capistrano, CA 92675","Northridge, CA"
"Pinetop, AZ 85935","San Mateo, CA 94403","Oakland, CA"
"Flagstaff, Arizona 86001","San Mateo, CA 94404-1569","Ontario, CA"
"Flagstaff, AZ 86001","Santa Ana, CA 92705-6607","Palm Desert, CA"
"Phoenix, AZ 85018","Lebec, CA 93243","Palmdale, CA"
"Scottsdale, Arizona 85251","Temecula, CA 92591","Palo Alto, CA"
"Scottsdale, Arizona 85260","Truckee, CA 96161","Pasadena, CA"
"Scottsdale, AZ 85258","Truckee, CA 96161","Petaluma, CA"
"Sedona, AZ 86336","Twentynine Palms, CA 92277-4125","Playa Vista, CA"
"Prescott, AZ 86301","Ukiah, CA 95482","Pomona, CA"
"Tempe, Arizona 85281","Vacaville, CA 95687","Redding, CA"
"Phoenix, AZ 85016","Yermo, CA 92398","Redondo Beach, CA"
"Lake Havasu City, Arizona 86403","Brush, CO 80723-2902","Richmond, CA"
"Scottsdale, AZ 85251","Colorado Springs, CO 80903","San Bernardino, CA"
"Marana, AZ 85658","Denver, CO 80239","San Carlos, CA"
"Scottsdale, Arizona 85251","Glenwood Springs, CO 81601","San Diego, CA"
"Tucson, Arizona 85718","Grand Junction, CO 81505","San Diego, CA"
"Litchfield Park, Arizona 85340","Limon, CO 80828","San Dimas, CA"
"Tombstone, AZ 85638","Lone Tree, CO 80124-5128","San Felipe, CA"
"Chandler, Arizona 85226","Loveland, CO 80538-9347","San Francisco, CA"
"Tucson, Arizona 85705","Silverthorne, CO 80498","San Francisco, CA"
"Scottsdale, AZ 85251","Trinidad, CO 81082","San Francisco, CA"
"Bentonville, AR 72712","Darien, CT 06820","San Francisco, CA"
"Hot Springs National Park, Arkansas 71901","Darien, CT 06820","San Jose, CA"
"Eureka Springs, AR 72632","Greenwich, CT 6830","San Luis Obispo, CA"
"North Little Rock, Arkansas 72120","Greenwich, CT 6830","San Mateo, CA"
"Conway, Arkansas 72032","Manchester, CT 06042-8764","San Rafael, CA"
"Conway, Arkansas 72032","Milford, CT 6460","San Ramon, CA"
"Conway, Arkansas 72032","Milford, CT 6460","Santa Barbara, CA"
"Springdale, AR 72764","Milford, CT 6460","Santa Clara, CA"
"Little Rock, Arkansas 72209","West Hartford, CT 6110","Santa Clarita, CA"
"Little Rock, Arkansas 72211","Lewes, DE 19958-4203","Santa Cruz, CA"
"Benton, Arkansas 72019","Newark, DE 19725","Santa Monica, CA"
"Little Rock, AR 72206","Brandon, FL 33511","Santa Rosa, CA"
"Conway, Arkansas 72032","DeFuniak Springs, FL 32435","Sherman Oaks, CA"
"Pocahontas, AR 72455","Florida City, FL ","Simi Valley, CA"
"Heber Springs, AR 72543","Okeechobee, FL 34972","Sonoma, CA"
"Lake Hamilton, AR 71913","Fort Myers, FL 33913","South San Francisco, CA"
"Little Rock, Arkansas 72205","Lake City, FL 32055","Stockton, CA"
"Little Rock, Arkansas 72209","Live Oak, FL 32060","Studio City, CA"
"Little Rock, Arkansas 72211","Marathon, FL 33050","Sunnyvale, CA"
"Russellville, AR 72802","Naples, FL 34102-6454","Thousand Oaks, CA"
"Hot Springs, AR 71901","Ocala, FL 34474","Truckee, CA"
"Eureka Springs, AR 72632","Pinellas Park,  33782-6203","Tustin, CA"
"Little Rock, Arkansas 72211","Plantation, FL 33324","Vallejo, CA"
"North Little Rock, Arkansas 72116","Port Orange, FL 32128","Venice, CA"
"Whistler, British Columbia V0N 1B4","Port St. Lucie, FL 34986","Ventura, CA"
"San Francisco, California 94111","Sarasota, FL 34238","Visalia, CA"
"San Francisco, CA 94111","St. Augustine, FL 32092","Vista, CA"
"Los Angeles, CA 90028","Tallahassee, FL 32308","Walnut Creek, CA"
"San Francisco, CA 94111","Turkey Lake, FL 32835","West Covina, CA"
"San Ardo, California 93450","West Melbourne, FL 32904-0000","Yuba City, CA"
"Mammoth Lakes, CA 93546","West Palm Beach, FL 33407","Alamosa, CO"
"Monterey, CA 93940","Atlanta, GA 30363","Aspen, CO"
"Beverly Hills, CA 90210","Decatur, GA 30033","Boulder, CO"
"Orange, California 92868","Augusta, GA 30907","Denver, CO"
"Los Angeles, CA 90015","Kingsland, GA 31548","Denver, CO"
"Palm Springs, CA 92264","Macon, GA 31201","Estes Park, CO"
"Acampo, California 95220","Savannah, GA 31408","Montrose, CO"
"Paso Robles, California 93446","Tifton, GA 31794","Poncha Springs, CO"
"Paso Robles, CA 93446","Boise, ID 83709","Steamboat Springs, CO"
"Mendocino, CA 95460","Coeur d'Alene, ID 83815","Telluride, CO"
"Palm Springs, California 92262","Idaho Falls, ID 83402","Walsenburg, CO"
"Truckee, California 96161","Pocatello, ID 83201","Danbury, CT"
"Paso Robles, California 93446","Twin Falls, ID 83301","Darien, CT"
"Arroyo Grande, CA 93420","Bolingbrook, IL 60440-2250","New London, CT"
"St. Helena, California 94574","Champaign, IL 61822","North Stamford, CT"
"Paso Robles, CA 93446","Chicago, IL 60657","Old Lyme, CT"
"Santa Monica, CA 90404","Chicago, Illinois 60601-7910","Stamford, CT"
"Saint Helena, California 94574","Chicago, IL 60607","Torrington, CT"
"Anaheim, CA 92802","Highland Park, IL 60035","Trumbull, CT"
"Crescent City, California 95531","Country Club Hills, IL 60478","Waterbury, CT"
"Plymouth, CA 95642","Effingham, IL 62401","Dover, DE"
"Guerneville, California 95446","Mt. Vernon, IL 62864-6750","Columbia Heights, DC"
"Guerneville, California 95446","Normal, IL 61761","Washington NE, DC"
"Costa Mesa, California 92626","North Aurora, IL 60542","Washington SE, DC"
"Avila Beach, CA 93424","Peru, IL 61354","Washington, DC"
"Avila Beach, California 93424","Rockford, IL 61112","Altamont Springs, FL"
"Sutter Creek, California 95685","Rolling Meadows, IL 60008-4205","Aventura, FL"
"Mission Viejo, CA 92692","Skokie, IL 60077","Boca Raton, FL"
"Moreno Valley, CA 92553","Springfield, IL 62704","Celebration, FL"
"Costa Mesa, CA 92626","Angola, IN 46703","Delray Beach, FL"
"Anaheim, CA 92806","Fort Wayne, IN 46818","Destin, FL"
"Chino Hills, CA 91709","Indianapolis, IN 46201","Fort Myers, FL"
"Fountain Valley, CA 92708","Lafayette, IN 47905","Fort Myers, FL"
"Laguna Woods, CA 92637","Mishawaka, IN 46545","Gainesville, FL"
"Orange, CA 92868","Terre Haute, IN 47803","Hollywood, FL"
"Redlands, California 92374","Coralville, IA 52241","Jacksonville, FL"
"Seal Beach, CA 90740","Council Bluffs, IA 51501","Lakeland, FL"
"Hawthorne, CA 90250","Davenport, IA 52807","Miami Beach, FL "
"Ontario, CA 91764","Dows,  50071-8004","Miami Beach, FL"
"Corona, California 92879","West Des Moines, IA 50266","Miami, FL "
"Alpine, California 91901","Colby, KS 67701-3746","Miami, FL "
"Corona, California 92882","Goodland, KS 67735","Miami, FL"
"Costa Mesa, CA 92626","Hays, KS 67601","North Naples, FL"
"Diamond Bar, California 91765","Salina, KS 67401","Orlando, FL"
"Mission Viejo, CA 92692","Topeka, KS 66614","Pembroke Pines, FL"
"Yorba Linda, CA 92887","Wichita, KS 67216","Plantation, FL"
"Ontario, CA 91764","Bowling Green, KY 42104","Riverside Park, FL"
"Corona, CA 92882","Kuttawa, KY 42055-5954","Tampa, FL"
"Goleta, CA 93117","Lexington, KY 40509","Tampa, FL "
"Newport Beach, CA 92663","London, KY 40741","Tampa, FL "
"Yountville, CA 94599","Louisville, KY 40205","West Palm Beach, FL"
"South Lake Tahoe, CA 96150","Alexandria, LA 71301","Weston, FL"
"Fort Bragg, CA 95437","Baton Rouge, LA 70808","Yeehaw Junction, FL"
"Bear Valley, CA 95223","Lake Charles, LA 70601","Atlanta, GA"
"Placerville, CA 95667","Monroe, LA 71203","Atlanta, GA"
"Temecula, California 92592","Shreveport, LA 71104","Buford, GA"
"Santa Barbara, CA 93103","Slidell, LA 70458","College Park, GA"
"Santa Rosa, CA 95401","Augusta, ME 4330","Columbus, GA"
"Carmel Valley, CA 93924","Brewer, ME 4412","Forest Park, GA"
"Red Bluff, CA 96080","Freeport, ME 04032-1217","Madison, GA"
"Santa Barbara, California 93101","Aberdeen, MD 21001-0000","Metter, GA"
"Danville, CA 94526","Gaithersburg, MD 20878-7306","Honolulu, HI"
"Fremont, CA 94538","Grasonville, MD 21638-1086","Kailua, HI"
"Ukiah, CA 95482","Hagerstown, MD 21740","Maui, HI"
"Paso Robles, CA 93446","La Vale, MD 21502","Heyburn, ID"
"Dana Point, CA 92624","Laurel, MD 20707","Mountain Home, ID"
"Rowland Heights, CA 91748","National Harbor, MD 20745","Chicago, IL"
"Fresno, CA 93710","North East, MD 21901-0000","Glenview, IL"
"Redding, CA 96002","Salisbury, MD 21801","Marion, IL"
"La Mesa, California 91943","Auburn, MA 1501","Rosemont, IL"
"Dana Point, CA 92629","Boston, Massachusetts 02199","Bloomington, IN"
"Calistoga, California 94515","Boston, MA 02125-1663","Elberfeld, IN"
"West Hollywood, CA 90069","Cambridge, MA 02141-2215","Fishers , IN"
"Thousand Oaks, CA 91360","Dedham, MA 2026","Indianapolis, IN"
"Oakhurst, CA 93644","Lee, MA 1238","Merrilville, IN"
"San Diego, CA 92108","Leominster, MA 01453-3333","Altoona, IA"
"Pacific Grove, CA 93950","Sagamore Beach, MA 2562","Dubuque, IA"
"Beverly Hills, CA 90210","West Springfield, MA 1089","Shelby, IA"
"Beverly Hills, CA 90212","Ann Arbor, MI 48103","Sioux City, IA"
"Tuolumne, CA 95379","Bay City, MI 48706-9213","Emporia, KS"
"Napa, CA 94558","Cadillac, MI 49601","Olathe, KS"
"Cambria, CA 93428","Grand Rapids, MI 49512","New Orleans, LA"
"Los Alamos, CA 93440","Lansing, MI 48912","Baring, ME"
"Coffee Creek, CA 96091","Livonia, MI 48150-0000","Kennebunk, ME"
"Paso Robles, CA 93446","Ludington, MI 49431-7612","Medway, ME"
"Paso Robles, CA 93446","Marshall, MI 49068-9620","Portland, ME"
"Folsom, California 95630","Port Huron, MI 48060","West Forks, ME"
"Angwin, CA 94508","Roseville, MI 48066-1700","Annapolis, MD"
"Paso Robles, CA 93446","St. Joseph, MI 49085","Baltimore, MD"
"Calistoga, CA 94515","Traverse City, Michigan 49684","Beltsville, MD"
"Calistoga, California 94515","Albert Lea, MN 56007","Bethesda, MD"
"Cambria, California 93428","Baxter, MN 56425","Elkridge, MD"
"Cambria, CA 93428","Clearwater, MN 55320","Frederick, MD"
"Napa, CA 94558","Duluth, MN 55802","Greenbelt, MD"
"Carmel by the Sea, California 93921","Hinckley, MN 55037","Halethorpe, MD"
"Carmel, CA 93923","Oakdale, MN 55128","Beverly, MA"
"Carmel, CA 93923","Rochester, MN 55902-2183","Boston, MA"
"Eureka, CA 95501","Sherburn, MN 56171-0000","Boston, MA"
"Sausalito, California 94965","Worthington, MN 56187","Braintree, MA"
"San Jose, California 95110","Grenada, MS 38901-2826","Burlington, MA"
"Paso Robles, CA 93446","Meridian, MS 39301","Charlestown, MA"
"Cathedral City, California 92234","Pearl, MS 39208","Falmouth, MA"
"Sausalito, CA 94965","Tupelo, MS 38804-0902","Lynnfield, MA"
"Tahoe Vista, CA 96148","Columbia, MO 65201","Mansfield, MA"
"Truckee, CA 96161","Independence, MO 64055","Natick, MA"
"Anaheim, California 92805","Joplin, MO 64804-4447","Orleans, MA"
"Graeagle, California 96103","Miner, MO 63801","Seekonk, MA"
"St Helena, CA 94574","Osage Beach, MO 65065-3169","Somerville, MA"
"South Lake Tahoe, CA 96150","Rolla, MO 65401","South Dennis, MA"
"Healdsburg, CA 95448","Springfield, MO 65803-4414","Waltham, MA"
"Creston, California 93432","St. Charles, MO 63303","Wareham, MA"
"Los Angeles, California 90046","Big Timber, MT 59011","Atlanta, GA"
"Calistoga, California 94515","Billings, MT 59102","Auburn Hills, MI"
"Oakhurst, CA 93644","Bozeman, MT 59715","Claire, MI"
"Jamestown, California 95327","Butte, MT 59701","Detroit, MI"
"Napa, California 94559","Lima, MT 59739","Escanaba, MI"
"Berkeley, California 94705","Missoula, MT 59808","Gaylord, MI"
"Paso Robles, CA 93446","Superior, MT 59872","Mackinaw City, MI"
"Palm Springs, CA 92262","West Yellowstone, MT 59758","Novi, MI"
"Healdsburg, California 95448","Gothenburg, NE 69138-2610","Swartz Creek, MI "
"San Diego, California 92111","Grand Island, NE 68803-9117","Alexandria, MN"
"St Helena, CA 94574","Lincoln, NE 68521-1196","Bloomington, MN"
"Coronado, CA 92118","Ogallala, NE 69153-3118","Maple Grove, MN"
"Anaheim, California 92802","Sidney, NE 69162-3047","Minneapolis, MN"
"Murphys, CA 95247","Beatty, NV 89003","St Paul, MN"
"Los Angeles, CA 90015","Elko, NV 89801","Brookhaven, MS"
"Los Altos, California 94022","Gardnerville, NV 89410","Hattiesburg, MS"
"Solana Beach, CA 92075","Hawthorne, NV 89415","Bethany, MO"
"Morgan Hill, California 95037","Las Vegas, NV 89119-3240","Kansas City, MO"
"Paso Robles, California 93446","Las Vegas, NV 89101","Mehlville, MO"
"Palo Alto, California 94306","Lovelock, NV 89419","St Joseph, MO"
"St. Helena, CA 94574","Primm, NV 89019","St. Louis, MO"
"Geyserville, CA 95441","Reno, NV 89502","Bighorn, MT"
"Calistoga, California 94515","Stateline, NV 89449","Glendive, MT"
"San Simeon, CA 93452","Tonopah, NV 89049","Great Falls, MT"
"Ukiah, California 95482","West Wendover, NV 89883","Helena, MT"
"Manteca, CA 95336","Winnemucca, NV 89446","Kalispell, MT"
"Little River, CA 95456","Hooksett, NH 3106","Miles City, MT"
"Paso Robles, California 93446","Hooksett, NH 3106","Shelby, MT"
"Templeton, California 93465","Lincoln, NH 3251","Las Vegas, NV"
"Pismo Beach, California 93449","Seabrook, NH 3874","Primm, NV"
"Fresno, California 93720","West Lebanon, NH 3784","Reno, NV"
"Rosemead, CA 91770","Burlington, New Jersey 08016-0000","North Conway, NH"
"Newark, California 94560","Cranbury, NJ 8512","Rochester, NH"
"Los Angeles, California 90012","East Brunswick, NJ 8816","Wolfeboro, NH"
"Calistoga, California 94515","Edison, NJ 8837","Barnegat Township, NJ"
"Healdsburg, California 95448","Egg Harbor Township, NJ 8234","Bridgewater, NJ"
"Murphys, CA 95247","Hamilton, NJ 8691","Cape May, NJ"
"Dunsmuir, California 96025","Paramus, NJ 07652","Cherry Hill, NJ"
"Fair Oaks, California 95628","Tinton Falls, NJ 7753","Hackensack, NJ"
"Cambria, CA 93428","Albuquerque, NM 87107","Hamilton Township, NJ"
"Los Angeles, CA 90048","Deming,  88030","Jersey City, NJ"
"Palmdale, California 93551","Farmington, NM 87402","Mount Laurel, NJ"
"Elk, CA 95432","Gallup, NM 87301","Newark, NJ"
"Palm Desert, CA 92260","Las Vegas, NM 87701","Parsippany, NJ"
"San Diego, CA 92122","Santa Fe, NM 87507-4415","Princeton, NJ"
"La Quinta, California 92253","Santa Rosa, NM 88435","Summit, NJ"
"El Segundo, CA 90245","Truth or Consequences, NM 87901","Tom's River, NJ"
"Sebastopol, California 95472","Tucumcari, NM 88401","West Orange, NJ"
"La Jolla, California 92037","Albany, NY 12205","Woodbridge, NJ"
"San Diego, CA 92037","Binghamton, NY 13905","Clayton, NM"
"Groveland, CA 95321","Brooklyn, NY 11249","Clovis, NM"
"Capitola, CA 95010","Buffalo, NY 14221","Grants, NM"
"San Diego, CA 92130","Clinton Corners,  12514-2025","Soccoro, NM"
"San Francisco, CA 94109","Erwin, NY 14870","Astoria, NY"
"Santa Monica, CA 90401","Guilderland, NY 12203","Bergen Beach, NY"
"Calistoga, California 94515","Queens, NY 11430","Brooklyn Heights, NY"
"Forestville, CA 95436","Kingston, NY 12401","Brooklyn, NY"
"Sonoma, California 95476","Syosset, NY 11791","Buffalo, NY"
"Oroville, California 95966","Newburgh, NY 12550","Centuck, NY"
"Idyllwild, California 92549","Plattsburgh, NY 12901","Chelsea, NY"
"Corona del Mar, California 92625","Queensbury, NY 12804","Elmhurst, NY"
"Fulton,  95438","Southampton, NY 11968","Harlem, NY"
"Santa Ynez, CA 93460","Liverpool, NY 13088","Hicksville, NY"
"Jenner, California 95450","Tarrytown, NY 10591-5104","Islandia, NY"
"Los Angeles, CA 90048","Utica, NY 13501","Ithaca, NY"
"Carlsbad, CA 92011","Victor, NY 14564","Kips Bay, NY"
"Santa Barbara, CA 93108","Waterloo, NY 13165","Little Neck, NY"
"Westlake Village, CA 91362","Watertown, NY 13601","Lower Manhattan, NY"
"Fremont, California 94538","Asheville, NC 28806","Manhattan, NY"
"Rutherford, California 94573","Burlington, NC 27215","Manhattan, NY"
"Malibu, CA 90265","Charlotte, NC 28262","Manorville, NY"
"Temecula, CA 92592","Fayetteville, NC 28312","New Rochelle, NY"
"Paso Robles, CA 93446","Greensboro, NC 27407-2747","Oneonta, NY"
"San Marcos, California 92069","Lumberton, NC 28358","Queens, NY"
"South Lake Tahoe, CA 96150","Plymouth, NC 27962","Roscoe, NY"
"Simi Valley, California 93065","Raleigh, NC 27609-5780","Roxbury Township, NY"
"San Diego, CA 92037","Rocky Mount, NC 27804","Salamanca, NY"
"Grass Valley, CA 95945","Wilmington, NC 28405-4191","Shirley, NY"
"Graeagle, California 96103","Cambridge, OH 43725-3080","Two Bridges, NY"
"Philo, CA 95466","Cincinnati, OH 45242","Upper East Side, NY"
"St Helena, CA 94574","Dayton, OH 45415","Valley Stream, NY"
"Half Moon Bay, CA 94019","Grove City, OH 43123","Wantagh, NY"
"Paso Robles, California 93446","Lima, OH 45804","West Nyack, NY"
"Paso Robles, CA 93446","Macedonia, OH 44056","Woodbury, NY"
"Palm Desert, California 92211","Maumee, OH 43537","Yonkers, NY"
"Windsor, CA 95492","Mt. Gilead, OH 43338-9548","Durham, NC"
"Hawthorne, CA 90250","Toledo, OH 43612-3952","Point Harbor, NC"
"Brentwood, CA 94513","Ardmore, OK 73401","Statesville, NC"
"Calistoga, California 94515","Catoosa, OK 74015","Bismarck, ND"
"Orange, CA 92866","Oklahoma City, OK 73127","Dickinson, ND"
"San Simeon, CA 93452","Perry, OK 73077","Fargo, ND"
"South Lake Tahoe, CA 96150","Weatherford, OK 73096","Grand Forks, ND"
"Paso Robles, CA 93446","Baker City, OR 97814","Jamestown, ND"
"La Quinta, California 92253","Bandon, OR 97411","Pembina, ND"
"Anaheim, California 92802","Bend, OR 97702","Cleveland, OH"
"Palo Alto, California 94306","Detroit, OR 97342","Columbus, OH"
"Rancho Mirage, California 92270","Grants Pass, OR 97526","Dublin, OH"
"Los Angeles, CA 90045","Klamath Falls, OR 97603-4455","Polaris, OH"
"Del Mar, California 92014","Lincoln City, OR 97367","Sandusky, OH"
"San Francisco, CA 94102","Pendleton, OR 97801","Sheffield, OH"
"Palm Springs, California 92262","Sandy, OR 97055","Strongsville, OH"
"Carpinteria, CA 93013","Seaside, OR 97138","West Cincinnati, OH"
"Santa Cruz, California 95060","Springfield, OR 97477","Henryetta, OK"
"Mountain View, CA 94040","The Dalles, OR 97058","Boardman, OR"
"San Jose, California 95111","Woodburn, OR 97071","Hood River, OR"
"Solvang, California 93463","Allentown, PA 18104","Madras, OR"
"Victorville, California 92392","Bellefonte, PA 16823-9119","Newport, OR"
"Los Angeles, CA 90029","Bloomsburg, PA 17815","Ontario, OR"
"Anaheim, California 92802","Breezewood, PA 15533","Portland, OR"
"South Lake Tahoe, California 96150","Carlisle, PA 17015","Portland, OR"
"Los Angeles, CA 90077","Cranberry Township, PA 16066","Portland, OR"
"San Francisco, CA 94115","Erie, PA 16509","Portland, OR"
"Santa Barbara, CA 93101","Falls Creek,  15840-9515","Roseburg, OR"
"Healdsburg, CA 95448","Franklin Park, PA 15143-8504","Salem, OR"
"San Francisco, CA 94115","Harrisburg, PA 17109","Tigard, OR"
"Los Gatos, CA 95030","Hermitage, PA 16148","Woodburn, OR"
"Long Beach, California 90802","Moosic, PA 18507-2140","Altoona, PA"
"Santa Monica, California 90401","North Huntingdon, PA 15642-0000","King of Prussia, PA"
"Coronado, CA 92118","Somerset, PA 15501","Lancaster, PA"
"Oakhurst, California 93644","Tannersville, PA 18372","Philadelphia, PA"
"Carmel, CA 93923","East Greenwich, RI 2818","Pittsburgh, PA"
"Santa Barbara, CA 93103","Columbia, SC 29203-9729","Plymouth Meeting, PA"
"Anaheim, California 92802","Florence, SC 29501-4043","Newport, RI"
"Huntington Beach, CA 92648","Greenville, SC 29605","Charleston, SC"
"Indian Wells,  92210","Myrtle Beach, SC 29577-9798","Custer, SD"
"San Diego, CA 92122","Santee, SC 29142","Wall, SD"
"San Diego, California 92109","Mitchell, SD 57301","Manchester, TN"
"Monterey, CA 93940","Murdo, SD 57559","Nashville, TN"
"Newport Beach, CA 92660","Chamberlain, SD 57365-0000","Austin, TX"
"Sacramento, California 95814","Rapid City, SD 57701","Beaumont, TX"
"Santa Rosa, CA 95401","Sioux Falls, SD 57106-3636","Brenham, TX"
"Westlake Village, CA 91361","Spearfish, SD 57783-6222","Cedar Park, TX"
"Palm Desert, CA 92260","Bristol, TN ","College Station, TX"
"Occidental, CA 95465","Chattanooga, TN 37421","Dallas, TX"
"Napa, CA 94559","Cookeville, TN 38501-5930","Dallas, TX"
"Los Angeles, CA 90067","Dickson, TN 37055-0000","Dilley, TX"
"San Francisco, CA 94108","Jackson, TN 38305-2481","Falfurrias, TX"
"Irvine, California 92612","Knxoville, TN 37934","Fort Stockton, TX"
"Newport Beach, CA 92660","Memphis, TN 38119-5322","Fort Worth, TX"
"Napa,  94558","Nashville, TN 37027","Fredericksburg, TX"
"Paso Robles, California 93446","Amarillo, TX 79124","Grapevine, TX"
"Palm Desert, CA 92260","Arlington, TX 76011-5110","Houston, TX"
"Santa Monica, California 90401","Austin, TX 78752-0000","Houston, TX"
"Paso Robles, California 93446","Channelview, TX 777530","Houston, TX"
"Jamestown, CA 95327","Childress, TX 79201","Lubbock, TX"
"Calistoga, California 94515","Cisco, TX 76437","Pecos, TX"
"St Helena, CA 94574","Columbus, TX 78934","Plano, TX"
"Cupertino, CA 95014","Corsicana, TX 75109","San Angelo, TX"
"Mammoth Lakes, CA 93546","Denton, TX 76201","San Antonio, TX"
"Plymouth, California 95669","El Paso, TX 79932-8515","San Antonio, TX"
"Fulton, CA 95439","Flatonia, TX 78941","Sugarland, TX"
"Kirkwood, California 95646","Houston, TX 77090","Wichita Falls, TX"
"Pismo Beach, CA 93449","Huntsville, TX 77340","Ogden, UT"
"Del Mar, California 92014","Italy, TX 76651","Park City, UT"
"Beverly Hills, CA 90210","Junction, TX 76849-3104","Lyndon, VT"
"Los Angeles, CA 90014","Kingsville, TX 78363-2844","Rutland, VT"
"San Diego, CA 92037","Laredo, TX 78041-9143","Arlington, VA"
"San Diego, CA 92037","Lindale, TX 75771","Fairfax, VA"
"Palm Springs, CA 92264","McAllen,  78501-0018","Gainesville, VA"
"Tulare, California 93274","Midland, TX 79706-3525","Newport News, VA"
"San Diego, CA 92109","Nacogdoches, TX 75964-2629","Tysons, VA"
"Morgan Hill, California 95037","Ozona, TX 76943","Bellevue, WA"
"Kenwood, California 95452","San Marcos, TX 78666","Chelan, WA"
"Petaluma, California 94954","Shamrock, TX 79079","Ellensburg, WA"
"Lake Arrowhead, CA 92352","Sulphur Springs, TX 75482","Enumclaw, WA"
"Lake Elsinore, California 92530","Sweetwater, TX 79556","Forks, WA"
"San Marcos, CA 92078","Texarkana, TX 75503-2434","Kirkland, WA"
"San Marcos, California 92078","Three Rivers, TX 78071","Longview, WA"
"Healdsburg, California 95448","Van Horn, TX 79855","Okanogan, WA"
"Acampo, California 95220","Victoria, TX 77901","Olympia, WA"
"St Helena, California 94574","Bellmead, TX 76705","Ritzville, WA"
"Turlock, California 95380","Beaver, UT 84713","Seattle, WA"
"Santa Monica, California 90405","Blanding, UT 84511","Seattle, WA"
"Little River, CA 95456","Green River, UT 84525","Seattle, WA"
"San Francisco, CA 94104","Moab, UT 84532","Snoqualmie, WA"
"Santa Monica, CA 90401","Nephi, UT 84648","Spokane, WA"
"Long Beach, CA 90815","Price, UT 84501","Tacoma, WA"
"St Helena, California 94574","Richfield, UT 84701","Wenatchee, WA"
"Lompoc, California 93436","South Salt Lake City, UT 84115","Yakima, WA"
"Los Angeles, CA 90045","St. George, UT 84770","Beckley, WV"
"Burbank, California 91505","Tooele, UT 84074","Parkersburg, WV"
"Los Gatos, California 95030","Tremonton, UT 84337","Lake Geneva, WI"
"Beverly Hills, CA 90210","Berlin, VT 05602","Milwaukee, WI"
"Los Angeles, CA 90049","Brattleboro, VT 5301","Sturgeon Bay, WI"
"Mendocino, California 95460","South Burlington, VT 05043","Casper, WY"
"Healdsburg, California 95448","Charlottesville, Virgina 22901-0000","Cody, WY"
"Placerville, California 95667","Chester, VA 23831","Rawlins, WY"
"Manhattan Beach, CA 90266","Glen Allen, VA 23059","Wheatland, WY"
"Marina del Rey, CA 90292","Lexington, VA 24450",
"Irvine, California 92618","Mt. Jackson, VA 22842",
"Riverside, CA 92501","Norfolk, VA 23502",
"Vista, CA 92081","Richmond, VA 23231-0000",
"South Lake Tahoe, California 96150","South Hill, VA 23970",
"Santa Rosa, CA 95401","Strasburg, VA 22657",
"Windsor, CA 95492","Woodbridge, VA 22192",
"Twain Harte, CA 95383","Wytheville, VA 24382",
"St Helena, California 94574","Aberdeen, WA 98520-4133",
"St Helena, CA 94574","Arlington, WA ",
"Little River, CA 95456","Burlington, WA 98233",
"Los Angeles, CA 90015","Centralia, WA 98531",
"Indian Wells, California 92210","Ellensburg, WA 98926",
"Dana Point, CA 92629","Kennewick, WA 99336",
"Laguna Beach, CA 92651","Lynnwood, WA 98087",
"Santa Barbara, CA 93108","Monroe, WA ",
"Monterey, CA 93940","Ritzville, WA 99169",
"Monterey, California 93940","Sequim, WA 98382-3503",
"Beverly Hills, California 90212","Charleston, WV 25301",
"Calistoga, CA 94515","Huntington, WV 25704-1509",
"Laguna Beach, CA 92651","Morgantown, WV 26508-1324",
"Los Angeles, CA 90035","Weston, WV 26452-8367",
"Shingletown, CA 96088","Martinsburg, WV 25401",
"Truckee, California 96161","Triadelphia, WV 26059",
"Napa, CA 94559","Eau Claire, WI 54701",
"Alturas, CA 96101","Howard, Wisconsin 54303-2606",
"Saint Helena, California 94574","Onalaska, WI 54650",
"Paso Robles, CA 93446","Madison, WI 53704",
"Truckee, CA 96161","Madison, WI 53704",
"Napa, CA 94558","Mauston, WI 53948",
"Oakville, California 94562","Oak Creek, WI 53154-6801",
"Fort Bragg, California 95437","Oshkosh, WI 54904-7776",
"Napa, CA 94558","Pleasant Prairie, WI 53158",
"Ojai, CA 93023","Sheboygan, WI 53081",
"Calistoga, California 94515","Wausau, WI 54401-8117",
"Fulton, California 95439","Cheyenne, WY 82009",
"Glen Ellen, California 95442","Evanston, WY 82930-3094",
"Tahoe City, CA 96145","Gillette, WY 82716",
"Rancho Mirage, CA 92270","Jackson, WY 83001",
"Cayucos, CA 93430","Laramie, WY 82070-8417",
"Julian, California 92036","Lusk, WY 82225",
"Saint Helena, California 94574","Rawlins, NY 82301-6026",
"Chico, CA 95928","Rock Springs,  82901-5659",
"Rohnert Park, California 94928","Sheridan, WY 82801",
"Saint Helena, California 94574",,
"Santa Barbara, California 93103",,
"City of Industry, CA 91744",,
"Somerset, CA 95684",,
"Ranch Palos Verdes, California 90275",,
"Solana Beach, CA 92075",,
"Healdsburg, California 95448",,
"Malibu, California 90265",,
"San Diego, California 92109",,
"San Francisco, CA 94103",,
"Carlsbad, CA 92056",,
"Palm Springs, CA 92264",,
"Huntington Beach, California 92648",,
"Paso Robles, CA 93446",,
"Templeton, CA 93465",,
"Anaheim, California 92805",,
"Paso Robles, CA 93446",,
"Temecula, California 92592",,
"Temecula, California 92591",,
"Salinas, California 93908",,
"Pismo Beach, CA 93449",,
"Big Sur, CA 93920",,
"Santa Maria, CA 93455",,
"Yountville, California 94599",,
"Eureka, California 95501",,
"Healdsburg, California 94949",,
"Napa, CA 94558",,
"Plymouth, California 95669",,
"Santa Maria, California 93455",,
"Sonoma, CA 95476",,
"Hopland, CA 95449",,
"Redding, California 96002",,
"Susanville, CA 96130",,
"Ferndale, CA 95536",,
"Indian Wells, CA 92210",,
"Long Beach, CA 90802",,
"Monterey, CA 93940",,
"Toluca Lake,  91602",,
"Tahoe Vista, CA 96148",,
"Palm Springs, CA 92264",,
"Palm Springs, CA 92262",,
"Escondido, CA 92025",,
"Bolinas, CA 94924",,
"Truckee,  96161",,
"Sugarloaf,  92386",,
"Palm Springs, CA 92262",,
"Tahoe City, CA 96145",,
"Pacific Grove, CA 93950",,
"South Lake Tahoe, CA 96150",,
"Big Bear Lake, California 92315",,
"Los Angeles, CA 90021",,
"Kings Beach, CA 96143",,
"Coarsegold, CA 93614",,
"Palm Springs, CA 92262",,
"Joshua Tree, CA 92252",,
"Healdsburg, CA 95448",,
"Palm Springs, CA 92264",,
"Pescadero, CA 94060",,
"San Francisco, CA 94124",,
"Auburn, CA 95603",,
"Davis, CA 95616",,
"Pioneertown, CA 92268",,
"South Lake Tahoe, CA 96150",,
"South Lake Tahoe, CA 96150",,
"Calistoga, CA 94515",,
"Venice, CA 90291",,
"Grass Valley, CA 95949",,
"Kenwood, California 95452",,
"Newbury Park, CA 91320",,
"Monterey Park, CA 91754",,
"Oregon House, CA 95962",,
"San Francisco, CA 94131",,
"South Lake Tahoe, CA 96150",,
"Santa Cruz, CA 95062",,
"Arroyo Grande, CA 93420",,
"San Luis Obispo, CA 93401",,
"Joshua Tree, CA 92252",,
"Santa Barbara,  93111",,
"Santa Clara,  94085",,
"South Lake Tahoe,  96150",,
"South Lake Tahoe,  96150",,
"La Quinta, CA 92253",,
"Truckee,  96161",,
"West Hollywood,  90069",,
"Truckee,  96161",,
"Solana Beach, CA 92075",,
"Stinson Beach,  94970",,
"Laguna Niguel, CA 92677",,
"Indio, CA 92203",,
"San Luis Obispo,  93405",,
"Palm Springs,  92262",,
"Los Angeles, CA 90015",,
"San Diego, CA 92111",,
"Olympic Valley, CA 96146",,
"Napa, CA 94558",,
"Healdsburg, CA 95448",,
"Cupertino, CA 95014",,
"Healdsburg, California 95448",,
"Napa, CA 94559",,
"Downieville, CA 95936",,
"Palm Springs, CA 92262",,
"Paso Robles, California 93446",,
"San Martin, California 95046",,
"Templeton, CA 93465",,
"Rutherford, CA 94558",,
"Napa, California 94558",,
"Napa, CA 94558",,
"Los Angeles, California 90048",,
"Irvine, California 92614",,
"St Helena, California 94574",,
"Burlingame, CA 94010",,
"San Francisco, CA 94103",,
"San Francisco, California 94132",,
"Highland, CA 92346",,
"Montecito, CA 93108",,
"Cambria, CA 93428",,
"Arcadia, California 91007",,
"Santa Clara, California 95054",,
"Santa Ynez, CA 93460",,
"Cambria, CA 93428",,
"Sea Ranch, CA 95497",,
"Mendocino, CA 95460",,
"Moss Beach, CA 94038",,
"Aptos, CA 95003",,
"Chula Vista, CA 91910",,
"Redondo Beach, California 90277",,
"Plymouth, California 95669",,
"San Diego, CA 92101",,
"Petaluma, CA 94954",,
"Pismo Beach, CA 93449",,
"Santa Monica, California 90405",,
"Chico, California 95928",,
"Santa Clara, California 95050",,
"Van Nuys, CA 91406",,
"Geyserville, California 95441",,
"Oakville, California 94562",,
"Napa, California 94558",,
"Corona, CA 92880",,
"Los Angeles, California 90048",,
"Calistoga, CA 94515",,
"Santa Rosa, CA 95403",,
"Hope Valley, CA 96120",,
"Costa Mesa, CA 92626",,
"St. Helena, California 94574",,
"Palm Springs, CA 92264",,
"Lompoc, CA 93436",,
"St Helena, CA 94574",,
"Napa, California 94558",,
"San Marcos, CA 92078",,
"Clearlake Oaks, California 95423",,
"Calistoga, CA 94515",,
"Paso Robles, CA 93446",,
"West Hollywood, CA 90069",,
"Fortuna, CA 95540",,
"Ukiah, CA 95482",,
"Laguna Beach, California 92651",,
"West Hollywood, CA 90069",,
"Hemet, CA 92545",,
"Desert Hot Springs, California 92240",,
"Paso Robles, CA 93446",,
"Lemoore, CA 93245",,
"Tahoe City, California 96145",,
"Upper Lake, CA 95485",,
"Carmel, CA 93923",,
"Calistoga, CA 94515",,
"Plymouth, California 95669",,
"Calistoga, California 94515",,
"Hopland, CA 95449",,
"Calistoga, California 94515",,
"Los Angeles, CA 91602",,
"Beverly Hills, California 90210",,
"Philo, California 95466",,
"San Diego, California 92101",,
"Santa Barbara, CA 93101",,
"Arroyo Grande, California 93420",,
"La Quinta, California 92253",,
"Pismo Beach, CA 93449",,
"South Lake Tahoe, California 96150",,
"Palo Alto, CA 94301",,
"Big Sur, CA 93920",,
"San Francisco, CA 94108",,
"San Jose, CA 95113",,
"Sonoma, CA 95476",,
"Paso Robles, California 93446",,
"Santa Barbara, CA 93103",,
"Santa Rosa, CA 95404",,
"Hawaiian Gardens, California 90716",,
"Three Rivers, CA 93271",,
"Groveland, CA 95321",,
"Santa Monica, CA 90403",,
"Lockeford, CA 95237",,
"Rancho Santa Fe, CA 92067",,
"Pismo Beach, CA 93449",,
"South Lake Tahoe, CA 96150",,
"Tiburon, California 94920",,
"San Diego, California 92037",,
"West Hollywood, California 90069",,
"La Quinta, California 92253",,
"Yosemite National Park, CA 95389",,
"Monterey, CA 93940",,
"Woodside, CA 94062",,
"Rancho Murieta, California 95683",,
"Paso Robles, CA 93446",,
"Lewiston, California 96052",,
"Willits, California 95490",,
"Ventura, California 93003",,
"Napa, California 94558",,
"Laguna Beach, CA 92651",,
"Fortuna, California 95540",,
"Newport Beach, CA 92657",,
"San Francisco, CA 94108",,
"Half Moon Bay, CA 94019",,
"Truckee, CA 96161",,
"Marina del Rey, CA 90292",,
"Rancho Mirage, CA 92270",,
"Pleasanton, California 94566",,
"Los Angeles, California 90071",,
"West Hollywood, California 90069",,
"Mendocino, CA 95460",,
"Ferndale, CA 95536",,
"Mammoth Lakes, CA 93546",,
"Los Angeles, CA 90071",,
"Rancho Mirage, California 92270",,
"Palm Springs, CA 92262",,
"Healdsburg, California 95448",,
"Paso Robles, California 93446",,
"Los Gatos, California 95030",,
"Inverness, California 94937",,
"Torrance, CA 90503",,
"San Diego, California 92109",,
"Eureka, California 95501",,
"Carmel-by-the-Sea, CA 93921",,
"Geyserville, California 95441",,
"Santa Monica, CA 90405",,
"Saint Helena, California 94574",,
"Trinidad, CA 95570",,
"Oakville, California 94562",,
"Middletown, CA 95461",,
"Desert Hot Springs, CA 92240",,
"Calistoga, California 94515",,
"Healdsburg, CA 95448",,
"San Diego, CA 92101",,
"Universal City, California 90068",,
"Glen Ellen, CA 95442",,
"St Helena, California 94574",,
"Big Sur, California 93920",,
"Deer Park, California 94576",,
"Santa Monica, California 90401",,
"Murphys, California 95247",,
"Monterey, CA 93940",,
"Acton, California 93510",,
"Paso Robles, California 93446",,
"St. Helena, California 94574",,
"Santa Rosa, CA 95403",,
"Bridgeport, California 93517",,
"Rolling Hills Estates, CA 90274",,
"Los Angeles, CA 90028",,
"Los Angeles, CA 90024",,
"San Diego, CA 92101",,
"Cayucos, California 93430",,
"Guerneville, CA 95446",,
"Mammoth Lakes, CA 93546",,
"St. Helena, California 94574",,
"St. Helena, California 94574",,
"Healdsburg, CA 95405",,
"Los Angeles, CA 90010",,
"Los Angeles, CA 90025",,
"Paso Robles, CA 93446",,
"Lodi, California 95242",,
"St. Helena, California 94574",,
"Mariposa, CA 95338",,
"Napa, CA 94558",,
"Geyserville, California 95441",,
"Healdsburg, CA 94558",,
"Grand Junction, Colorado 81501",,
"Boulder, Colorado 80301",,
"Colorado Springs, CO 80903",,
"Estes Park, Colorado 80517",,
"Avon, Colorado 81620",,
"Beaver Creek, CO 81620",,
"Boulder, CO 80303",,
"Hesperus, CO 81326",,
"Fort Collins, Colorado 80529",,
"Cripple Creek, CO 80813",,
"Cripple Creek, CO 80813",,
"Cripple Creek, CO 80813",,
"Stratton, Colorado 80836",,
"Westminster, Colorado 80023",,
"Denver, Colorado 80239",,
"Colorado Springs, CO 80916",,
"Tabernash, CO 80478",,
"Aurora, Colorado 80014",,
"Durango, CO 81301",,
"Breckenridge, CO 80424",,
"Dolores, Colorado 81323",,
"Telluride, Colorado 81320",,
"Mesa Verde National Park, CO 81330",,
"Aurora, CO 80019",,
"Denver, CO 80202",,
"Vail, Colorado 81657",,
"Gateway, Colorado 81522",,
"Breckenridge, CO 80424",,
"Breckenridge, CO 80424",,
"Grand Junction, Colorado 81506",,
"Englewood, Colorado 80112",,
"Denver, Colorado 80237",,
"Evergreen, Colorado 80439",,
"Fort Collins, Colorado 80526",,
"Englewood, Colorado 80112",,
"Aspen, CO 81611",,
"Denver, Colorado 80206",,
"Ouray, Colorado 81427",,
"Greenwood Village, Colorado 80112",,
"Steamboat Springs, Colorado 80487",,
"Steamboat Springs, Colorado 80477",,
"Aspen, CO 81611",,
"Vail, Colorado 81657",,
"Telluride, Colorado 81435",,
"Manitou Springs, CO 80829",,
"Vail, CO 81657",,
"Carbondale, Colorado 81623",,
"Black Hawk, Colorado 80422",,
"Monarch, Colorado 81227",,
"Mountain Village, Colorado 81435",,
"Nathrop, Colorado 81236",,
"Colorado Springs, CO 80904",,
"Breckenridge, CO 80424",,
"Beaver Creek, CO 81620",,
"Boulder, CO 80304",,
"Denver,  80218",,
"Aspen, CO 81611",,
"Estes Park, Colorado 80517",,
"Avon, CO 81620",,
"Steamboat Springs, CO 80477",,
"Paonia, CO 81428",,
"Vail, CO 81657",,
"Colorado Springs, CO 80907",,
"Estes Park, Colorado 80517",,
"Colorado Springs, Colorado 80903",,
"Vail, CO 81657",,
"Colorado Springs, Colorado 80906",,
"Aspen, CO 81611",,
"Golden, CO 80401",,
"Crested Butte, Colorado 81225",,
"Mountain Village, Colorado 81435",,
"Aspen, CO 81611",,
"Crested Butte, Colorado 81225",,
"Avon, CO 81620",,
"Denver, Colorado 80202",,
"Aspen, Colorado 81611",,
"Avon, CO 81620",,
"Silverton, Colorado 81433",,
"Vail, Colorado 81657",,
"Vail, CO 81657",,
"Cripple Creek, CO 80813",,
"Black Hawk, Colorado 80422",,
"Orange, CT 06477",,
"Greenwich, CT 06830",,
"Fairfield, CT 06890",,
"West Hartford, Connecticut 06107",,
"Norwalk, CT 06854",,
"Southbury, CT 06488",,
"New Milford, Connecticut 06776",,
"Greenwich, Connecticut 06830",,
"Fairfield, CT 06824",,
"Greenwich, CT 06870",,
"Stonington, CT 06378",,
"Stamford, Connecticut 06902",,
"Uncasville, CT 06382",,
"Mystic, CT 06355",,
"Groton, CT 06340",,
"Branford, CT 06405",,
"Old Saybrook, Connecticut 06475",,
"Stamford, CT 06902",,
"Warren, CT 06754",,
"East Haddam, CT 06423",,
"Southbury, Connecticut 06488",,
"Old Saybrook, CT 06475",,
"Stamford, CT 06901",,
"Branford, CT 06405",,
"Greenwich, CT 06831",,
"South Windsor, Connecticut 06074",,
"New Haven, CT 06511",,
"Wallingford, Connecticut 06492",,
"Westbrook, Connecticut 06498",,
"Danbury, CT 06810",,
"Salisbury, Connecticut 06068",,
"Morris, CT 06763",,
"MIlton, Delaware 19968",,
"Dewey Beach, DE 19971",,
"Lewes, DE 19958",,
"Lewes, Delaware 19958",,
"Rehoboth Beach, DE 19971",,
"Washington, District of Columbia 20001",,
"Washington, DC 20007",,
"Washington, DC 20036",,
"Washington, District of Columbia 20001",,
"Washington, District of Columbia 20005",,
"Washington, DC 20001",,
"Washington, DC 20005",,
"Washington, DC 20001",,
"Washington, DC 20009",,
"Washington, DC 20037",,
"Washington, DC 20036",,
"Washington, DC 20024",,
"Washington, DC 20001",,
"Washington, District of Columbia 20005",,
"Washington, District of Columbia 20007",,
"Washington, DC 20005",,
"Washington, DC 20036",,
"Washington, DC 20006",,
"Washington, DC 20001",,
"Washington, DC 20006",,
"Washington, District of Columbia 20037",,
"Washington, District of Columbia 20005",,
"Miami Beach, FL 33139",,
"Key West, FL 33040",,
"St. Petersburg, Florida 33701",,
"Flagler Beach, FL 32136",,
"Ocala, Florida 34475",,
"Jacksonville, FL 32246",,
"Fernandina Beach, Florida 32034",,
"Naples, Florida 34108",,
"Orlando, Florida 32819",,
"Davenport, FL 33897",,
"Daytona Beach, Florida 32118",,
"Bal Harbour, FL 33154",,
"Fort Lauderdale, FL 33309",,
"Saint Pete Beach, Florida 33706",,
"St Pete Beach, Florida 33706",,
"Bradenton Beach, FL 34217",,
"St. Augustine, Florida 32084",,
"Orlando, Florida 32819",,
"Palm Beach Gardens, Florida 33408",,
"Jacksonville, Florida 32244",,
"St. Augustine, Florida 32080",,
"New Smyrna Beach, Florida 32168",,
"Boca Raton, FL 33432",,
"Celebration, Florida 34747",,
"Melbourne, FL 32940",,
"Bradenton Beach, Florida 34217",,
"Miami Beach, Florida 33141",,
"West Palm Beach, FL 33401",,
"St Augustine, Florida 32084",,
"Islamorada, Florida 33036",,
"Sebring, Florida 33870",,
"Islamorada, FL 33036",,
"Coral Springs, Florida 33040",,
"Naples, Florida 34102",,
"Naples, Florida 34102",,
"Orlando, FL 32819",,
"St Augustine, FL 32084",,
"Tampa, Florida 33605",,
"Orlando, Florida 32819",,
"Yulee, Florida 32097",,
"Sarasota, Florida 34233",,
"Dunnellon, Florida 34432",,
"Fort Lauderdale, Florida 33304",,
"Holly Hill, Florida 32117",,
"Vero Beach, FL 32963",,
"Orlando, Florida 32803",,
"Cocoa Beach, FL 32931",,
"Miramar Beach, Florida 32550",,
"Tampa, Florida 33619",,
"Naples, Florida 34110",,
"Fort Meyers, Florida 33966",,
"Clearwater, FL 33763",,
"Naples, Florida 34110",,
"Orlando, Florida 32819",,
"Miami, Florida 33132",,
"Sunrise, FL 33323",,
"Seagrove Beach, FL 32459",,
"Manalapan, Florida 33462",,
"Tampa, FL 33607",,
"Miami Beach, FL 33140",,
"Panama City Beach, FL 32407",,
"Daytona Beach, Florida 32118",,
"Sandestin, FL 32550",,
"Kissimmee, FL 34746",,
"Miami, FL 33142",,
"Tampa, FL 33606",,
"Amelia Island, FL 32034",,
"Destin, Florida 32541",,
"Jacksonville, Florida 32216",,
"Key West, Florida 33040",,
"Bradenton, Florida 34202",,
"Orlando, Florida 32821",,
"Fort Lauderdale, Florida 33315",,
"Fort Walton Beach, Florida 32548",,
"Jacksonville Beach, FL 32250",,
"Tallahassee, FL 32301",,
"Orlando, Florida 32836",,
"Naples, FL 34113",,
"Miami Beach, Florida 33140",,
"Orlando, Florida 32801",,
"Tampa, Florida 33607",,
"Fernandina Beach, Florida 32034",,
"Cape Coral, Florida 33904",,
"Fort Myers, FL 33916",,
"Tamarac, Florida 33321",,
"Lady Lake, Florida 32162",,
"Mary Esther, Florida 32569",,
"Miami, FL 33130",,
"Port St. Lucie, Florida 34986",,
"Tampa, Florida 33605",,
"Cocoa Beach, FL 32931",,
"Crystal River, FL 34429",,
"Ormond Beach, Florida 32174",,
"Jacksonville, Florida 32216",,
"Juno Bech, Florida 33408",,
"Panama City Beach, Florida 32408",,
"Pensacola Beach, FL 32561",,
"Plant City, Florida 33563",,
"St. Augustine, Florida 32084",,
"Seffner, Florida 33584",,
"Titusville, FL 32780",,
"Vero Beach, Florida 32966",,
"Orlando, Florida 32819",,
"Hobe Sound, Florida 33455",,
"Naples, Florida 34109",,
"Cocoa Beach, Florida 32931",,
"Fort Lauderdale, FL 33304",,
"Fort Lauderdale, FL 33019",,
"Fort Walton Beach, Florida 36548",,
"Key West, Florida 33040",,
"Palm Beach Gardens, FL 33410",,
"Panama City, Florida 32405",,
"Lutz, Florida 33558",,
"Riverview, Florida 33578",,
"Naples, Florida 34103",,
"Pensacola Beach, FL 32561",,
"St. Augustine, Florida 32084",,
"West Palm Beach, FL 33401",,
"Yulee, Florida 32097",,
"Panama City, FL 32404",,
"Perry, Florida 32348",,
"Oldsmar, Florida 34677",,
"Bonita Springs, Florida 34135",,
"Fort Walton Beach, Florida 32548",,
"Jacksonville Beach, FL 32250",,
"Naples, Florida 34102",,
"Naples, Florida 34114",,
"Melbourne, Florida 32940",,
"Sarasota, Florida 34240",,
"St. Augustine, Florida 32084",,
"Tallahassee, FL 32301",,
"Tallahassee, FL 32301",,
"Sarasota, Florida 34236",,
"Key West, Florida 33040",,
"Dania Beach, Florida 33004",,
"Naples, Florida 34102",,
"Marathon, Florida 33050",,
"Delray Beach, Florida 33444",,
"Dania Beach, Florida 33004",,
"West Palm Beach, Florida 33401",,
"Bonita Springs, FL 34134",,
"Coral Gables, FL 33134",,
"Orlando, FL 32819",,
"Fort Lauderdale, FL 33316",,
"Naples, Florida 34102",,
"Miami, FL 33131",,
"Orlando, Florida 32899",,
"Key West, FL 33040",,
"Sebring, Florida 33870",,
"Orlando, FL 32827",,
"Indian Shores, Florida 33785",,
"Kissimmee, FL 34746",,
"Orlando, Florida 32836",,
"Palm Coast,  32137",,
"Sarasota, Florida 34236",,
"Little Torch Key, FL 33042",,
"Orlando, FL 32819",,
"Orlando, Florida 32819",,
"Orlando, Florida 32819",,
"Miami, FL 33131",,
"Marco Island, Florida 34145",,
"Hollywood, FL 33019",,
"Islamorada, FL 33036",,
"Orlando, Florida 32821",,
"Marco Island, Florida 34145",,
"Miami Beach, FL 33139",,
"Sarasota, Florida 34240",,
"Naples, FL 34102",,
"Naples, Florida 34103",,
"Okeechobee, FL 34972",,
"Miami Beach, FL 33139",,
"Key West, FL 33040",,
"Okeechobee, FL 34972",,
"Fernandina Beach, Florida 32034",,
"Key West, Florida 33040",,
"West Palm Beach, FL 33415",,
"Kissimmee, Florida 34747",,
"Key West, FL 33040",,
"Islamorada, FL 33036",,
"Pinecrest, FL 33156",,
"Melbourne Beach, FL 32951",,
"Pensacola Beach, Florida 32561",,
"Pensacola Beach, Florida 32561",,
"Cape Canaveral, Florida 32920",,
"Sanibel, FL 33957",,
"Sarasota, FL 34243",,
"Gulf Breeze, FL 32561",,
"Bonita Springs, FL 34134",,
"Kissimmee, FL 34747",,
"Miramar Beach, Florida 32550",,
"Port St Lucie, Florida 34986",,
"Cape Canaveral, Florida 32920",,
"Holly Hill, Florida 32117",,
"Deerfield Beach, Florida 33441",,
"Sarasota, Florida 34236",,
"Lauderdale-by-the-Sea, Florida 33308",,
"Santa Rosa Beach, FL 32459",,
"Sebring, Florida 33870",,
"Jacksonville, FL 32256",,
"Key West, FL 33040",,
"Bradenton Beach, Florida 34217",,
"Sunny Isles Beach, Florida 33160",,
"Greenacres, Florida 33037",,
"Captiva, FL 33924",,
"St Augustine, FL 32084",,
"Streamsong, FL 33834",,
"Clearwater, Florida 33767",,
"Destin, FL 32550",,
"Miramar Beach, FL 32550",,
"St. Augustine, Florida 32084",,
"Tallahassee, FL 32310",,
"Winter Park, FL 32789",,
"Fort Lauderdale, Florida 33304",,
"Palm Beach, FL 33480",,
"Islamorada, FL 33036",,
"Orlando, Florida 32819",,
"Key West, FL 33040",,
"Fort Lauderdale, Florida 33304",,
"Key West, FL 33040",,
"Key West, FL 33040",,
"Fort Walton Beach, Florida 32548",,
"Fernandina Beach, Florida 32034",,
"St Pete Beach, Florida 33706",,
"Orlando, Florida 32839",,
"Key West, Florida 33040",,
"Key West, FL 33040",,
"Islamorada, FL 33036",,
"Orlando, Florida 32819",,
"Naples, FL 34109",,
"Bal Harbour, Florida 33154",,
"Miami, FL 33133",,
"Fernandina Beach, FL 32034",,
"Ft. Lauderdale, FL 33304",,
"Naples, FL 34108",,
"Miami Beach, FL 33139",,
"Jacksonville, Florida 32204",,
"Delray Beach, Florida 33483",,
"Daytona Beach Shores, Florida 32118",,
"Bal Harbour, Florida 33154",,
"Miami Beach, Florida 33139",,
"Tampa, Florida 33607",,
"Miami Beach, FL 33140",,
"Maitland, FL 32751",,
"Fernandina Beach, Florida 32034",,
"Miami, FL 33178",,
"Orlando, Florida 32819",,
"Vero Beach, FL 32963",,
"Pinecrest, FL 33156",,
"Fort Lauderdale, FL 33304",,
"Boca Raton, FL 33432",,
"Orlando, FL 32821",,
"Apalachicola, FL 32320",,
"Boca Raton, Florida 33432",,
"Longwood, FL 32779",,
"Tampa, Florida 33612",,
"Cocoa Beach, Florida 32931",,
"Oxford, Florida 34484",,
"Indialantic, FL 32903",,
"Boca Raton, Florida 33441",,
"Tallahassee, Florida 32301",,
"Macon, GA 31201",,
"Atlanta, GA 30308",,
"Atlanta, Georgia 30337",,
"Chamblee, Georgia 30341",,
"Stone Mountain, Georgia 30083",,
"Atlanta, Georgia 30326",,
"Dawsonville, Georgia 30534",,
"Augusta, GA 30901",,
"Savannah, GA 31401",,
"Clayton, GA 30525",,
"Blue Ridge, Georgia 30513",,
"Macon, Georgia 31201",,
"Warner Robins, Georgia 31088",,
"Atlanta, Georgia 30313",,
"Lookout Mountain, GA 30750",,
"Braselton, GA 30517",,
"Brunswick, Georgia 31525",,
"Duluth, Georgia 30097",,
"LaGrange, Georgia 30240",,
"Warner Robbins, Georgia 31088",,
"Atlanta, Georgia 30334",,
"Peachtree City, Georgia 30269",,
"Roswell, Georgia 30076",,
"Sandy Springs, GA 30350",,
"Jonesboro, GA 30238",,
"Warner Robins, Georgia 31088",,
"Alpharetta, Georgia 30022",,
"Atlanta, GA 30309",,
"Clayton, Georgia 30525",,
"Clarkesville, GA 30523",,
"Athens, Georgia 30601",,
"Atlanta, GA 30305",,
"Dublin, Georgia 31021",,
"Rome, GA 30161",,
"Atlanta, GA 30305",,
"Kingsland, Georgia 31548",,
"Kennesaw, Georgia 30127",,
"Lithonia, GA 30038",,
"Kennesaw, Georgia 30144",,
"Peachtree City, Georgia 30269",,
"Columbus, Georgia 31904",,
"Tifton, Georgia 31793",,
"College Park, Georgia 30337",,
"Warner Robins, Georgia 31093",,
"Augusta, Georgia 30901",,
"Fairburn, Georgia 30213",,
"Lithia Springs, Georgia 30122",,
"McDonough, Georgia 30253",,
"Newnan, Georgia 30263",,
"Atlanta, Georgia 30328",,
"Kennesaw, Georgia 30144",,
"Columbus, Georgia 31909",,
"Athens, GA 30601",,
"Atlanta, Georgia 30080",,
"Augusta, Georgia 30907",,
"Atlanta, GA 30326",,
"Atlanta, GA 30326",,
"Dahlonega, Georgia 30533",,
"St. Simons Island, Georgia 31522",,
"Atlanta, Georgia 30346",,
"Sautee Nacoochee, GA 30571",,
"Atlanta, GA 30326",,
"Savannah, GA 31401",,
"Dahlonega, Georgia 30533",,
"Rome, Georgia 30165",,
"Dawsonville, Georgia 30534",,
"Augusta, GA 30904",,
"Marietta, Georgia 30064",,
"Saint Simons Island, GA 31522",,
"Duluth, GA 30097",,
"Saint Simons Island, Georgia 31522",,
"St Marys, GA 31558",,
"Macon, Georgia 31210",,
"Atlanta, Georgia 30318",,
"Atlanta, Georgia 30309",,
"White, GA 30184",,
"Savannah, Georgia 31401",,
"Sea Island, GA 31561",,
"Athens, Georgia 30605",,
"Greensboro, Georgia 30642",,
"Dahlonega, Georgia 30533",,
"Chatt Hills, GA 30268",,
"St Simons Island, GA 31522",,
"Greensboro, Georgia 30642",,
"Atlanta, Georgia 30303",,
"Atlanta, GA 30305",,
"Atlanta, GA 30326",,
"Atlanta, GA 30303",,
"Covington, GA 30014",,
"Helen, Georgia 30545",,
"Atlanta, GA 30326",,
"Atlanta, GA 30328",,
"Savannah, GA 31421",,
"Cleveland, GA 30528",,
"Rabun Gap, Georgia 30568",,
"Kihei, HI 96753",,
"Kapolei, Hawaii 96707",,
"Wailea, Hawaii 96753",,
"Waikoloa, HI 96738",,
"Honolulu, HI 96815",,
"Honolulu, Hawaii 96815",,
"Lahaina, HI 96761",,
"Ashton, Idaho 83420",,
"Sandpoint, Idaho 83864",,
"Twin Falls, ID 83301",,
"Boise, ID 83704",,
"Meridian, ID 83642",,
"Coeur d'Alene, ID 83814",,
"Dover, Idaho 83825",,
"Burley, Idaho 83318",,
"Driggs, ID 83422",,
"Sun Valley, ID 83353",,
"Bonners Ferry, ID 83805",,
"Post Falls, Idaho 83854",,
"Sandpoint, ID 83864",,
"Coeur d'Alene, ID 83814",,
"Sun Valley, ID 83353",,
"Grangeville, ID 83530",,
"Coeur d'Alene, ID 83814",,
"Bellevue, Idaho 83313",,
"Salmon, Idaho 83467",,
"Chicago, Illinois 60654",,
"Chicago, IL 60611",,
"Niles, IL 60714",,
"Carpentersville, IL 60110",,
"Elk Grove Village, Illinois 60007",,
"Champaign, IL 61820",,
"Canton, IL 61520",,
"Galena, IL 61036",,
"Elmhurst, Illinois 60126",,
"Des Plaines, Illinois 60018",,
"Mt. Vernon, Illinois 62864",,
"Galena, Illinois 61036",,
"Glenview, Illinois 60025",,
"Bloomington, Illinois 61701",,
"Itasca, Illinois 60143",,
"Naperville, Illinois 65063",,
"Schaumburg, Illinois 60173",,
"Schiller Park, Illinois 60176",,
"Galena, IL 61036",,
"Galena, IL 61036",,
"Chicago, IL 60602",,
"Chicago, IL 60604",,
"Decatur, Illinois 62521",,
"North Aurora, Illinois 60542",,
"Addison, Illinois 60101",,
"Evanston, Illinois 60201",,
"Elk Grove Village, Illinois 60007",,
"Salem, Illinois 62881",,
"Champaign, IL 61820",,
"Schaumburg, Illinois 60173",,
"Champaign, IL 61820",,
"Rosemont, IL 60018",,
"Champaign, IL 61820",,
"Galena, IL 61036",,
"Homewood, IL 60430",,
"Chicago, IL 60611",,
"Rosemont, IL 60018",,
"Makanda, Illinois 62958",,
"Chicago, IL 60603",,
"Chicago, IL 60601",,
"Bensenville, IL 60106",,
"Peoria, IL 61602",,
"Chicago, IL 60611",,
"Orland Park, Illinois 60462",,
"Forest Park, Illinois 60130",,
"Chicago, IL 60622",,
"Herod, Illinois 62947",,
"West Chicago, IL 60185",,
"Evanston, Illinois 60201",,
"Elk Grove Village, IL 60007",,
"Chicago, IL 60640",,
"Geneva, IL 60134",,
"Aurora, Illinois 60505",,
"Waukegan, IL 60185",,
"Waukegan, Illinois 60087",,
"Niles, Illinois 60714",,
"Tinley Park, Illinois 60477",,
"Indianapolis, Indiana 46204",,
"Nashville, Indiana 47448",,
"Fort Wayne, Indiana 46825",,
"Covington, Indiana 47932",,
"Spencer, Indiana 47460",,
"Lafayette, Indiana 47905",,
"Indianapolis, Indiana 46240",,
"Fair Oaks, Indiana 47943",,
"Jeffersonville, Indiana 47130",,
"French Lick, IN 47432",,
"Indianapolis, Indiana 46241",,
"Bloomington, IN 47408",,
"Santa Claus, Indiana 47579",,
"Anderson, Indiana 46013",,
"South Bend, Indiana 46637",,
"Columbia City, IN 46725",,
"Roanoke, IN 46783",,
"South Bend, IN 46601",,
"Griffith, Indiana 46319",,
"Angola, Indiana 46703",,
"Jasper, Indiana 47546",,
"Mitchell, Indiana 47446",,
"Fort Wayne, IN 46818",,
"Roanoke, IN 46783",,
"New Albany, Indiana 47150",,
"Leesburg, Indiana 46538",,
"Newburgh, IN 47630",,
"West Baden Springs, IN 47469",,
"Warsaw, IN 46580",,
"Mt Vernon, IA 52314",,
"Davenport, IA 52803",,
"Cedar Rapids, Iowa 52402",,
"Northwood, Iowa 50459",,
"Cedar Rapids, Iowa 52401",,
"Waterloo, IA 50702",,
"Waterloo, IA 50702",,
"West Des Moines, IA 50266",,
"Dubuque, IA 52001",,
"Altoona, Iowa 50009",,
"Bettendorf, IA 52722",,
"Jefferson, IA 50129",,
"Seneca, Kansas 66538",,
"Dodge City, Kansas 67801",,
"Horton, Kansas 66439",,
"Leavenworth, KS 66048",,
"Lenexa, KS 66215",,
"Hays, KS 67601",,
"Leavenworth, Kansas 66048",,
"Wichita, KS 67202",,
"Louisville, KY 40202",,
"Versailles, KY 40383",,
"Morehead, Kentucky 40351",,
"Paducah, Kentucky 42003",,
"Campton, Kentucky 41301",,
"Louisville, KY 40202",,
"Bowling Green, Kentucky 42104",,
"Lexington, Kentucky 40511",,
"Newport, Kentucky 41071",,
"Louisville, Kentucky 40223",,
"Louisville, Kentucky 40229",,
"Bowling Green, KY 42103",,
"Jeffersontown, Kentucky 40299",,
"Lexington, Kentucky 40503",,
"Covington, Kentucky 41011",,
"Louisville, Kentucky 40202",,
"Paducah, Kentucky 42001",,
"Berea, Kentucky 40403",,
"Harrodsburg, KY 40330",,
"Murray, Kentucky 42071",,
"Bowling Green, Kentucky 42101",,
"Richmond, KY 40475",,
"Louisville, Kentucky 40299",,
"New Orleans, Louisiana 70112",,
"Westwego, LA 70094",,
"Vinton, LA 70668",,
"LaPlace, LA 70068",,
"Gray, LA 70359",,
"Baton Rouge, LA 70808",,
"New Orleans, Louisiana 70119",,
"Lake Charles, Louisiana 70601",,
"Covington, Louisiana 70433",,
"Baton Rouge, Louisiana 70808",,
"Alexandria, Louisiana 71301",,
"West Monroe, Louisiana 71292",,
"Monroe, LA 71202",,
"Ruston, Louisiana 71270",,
"Metairie, LA 70001",,
"Lake Charles, Louisiana 77601",,
"New Orleans, Louisiana 70130",,
"New Orleans, Louisiana 70130",,
"Covington, Louisiana 70433",,
"Baton Rouge, Louisiana 70808",,
"Mandeville, LA 70112",,
"New Orleans, Louisiana 70130",,
"New Orleans, Louisiana 70130",,
"Rockland, Maine 04841",,
"Rockland, ME 04841",,
"Greenville, Maine 4441",,
"Freeport, ME 04032",,
"Camden, ME 04843",,
"Kennebunkport, ME 04046",,
"Kennebunkport, ME 04046",,
"Wiscasset, ME 04578",,
"Brunswick, Maine 04011",,
"Phillips, ME 04966",,
"Swans Island, ME 04685",,
"Wells, Maine 04090",,
"Camden, Maine 04843",,
"Portland, ME 04101",,
"Bar Harbor, Maine 04609",,
"Cape Elizabeth, ME 04107",,
"Camden, ME 04843",,
"Freeport, Maine 04032",,
"Lincolnville, ME 04850",,
"Kennebunkport, ME 04046",,
"Hallowell, Maine 04347",,
"Washington, ME 04574",,
"Newcastle, ME 04553",,
"Kennebunkport, ME 04046",,
"East Boothbay, Maine 04544",,
"South Paris, Maine 04281",,
"Rangeley, ME 04970",,
"Kennebunk, ME 04043",,
"Center Lovell, Maine 04016",,
"Machiasport, ME 04655",,
"Bar Harbor, Maine 04609",,
"Seal Cove, Maine 04674",,
"Southwest Harbor, Maine 04679",,
"Bridgton, Maine 04009",,
"Hanover, Maine 04327",,
"Carrabassett Valley, ME 04947",,
"Newry, ME 04261",,
"Bar Harbor, ME 04609",,
"Ogunquit, ME 03907",,
"Kennebunkport, ME 04046",,
"Ogunquit, Maine 3909",,
"Kennebunkport, Maine 04046",,
"Kennebunk, ME 04043",,
"Camden, Maine 04843",,
"Fryeburg, Maine 04037",,
"Kennebunk, ME 04043",,
"Boothbay Harbor, ME 4538",,
"Poland, ME 04274",,
"Kennebunkport, ME 04046",,
"York, ME 03909",,
"Keedysville, MD 21756",,
"Taneytown, MD 21787",,
"Ocean City, MD 21842",,
"Westminster, Maryland 21158",,
"Mount Airy, Maryland 21771",,
"McHenry, MD 21541",,
"Chestertown, MD 21620",,
"Baltimore, MD 21201",,
"Snow Hill, MD 21863",,
"Bethesda, Maryland 20814",,
"Annapolis, MD 21401",,
"St Michaels, Maryland 21663",,
"Chestertown, MD 21620",,
"Oakland, Maryland 21550",,
"Columbia, MD 21046",,
"Grasonville, Maryland 21638",,
"Ocean City, Maryland 21842",,
"Hanover, Maryland 21076",,
"Ocean City, MD 21842",,
"Baltimore, MD 21202",,
"Annapolis, Maryland 21403",,
"McHenry, MD 21541",,
"Ocean City, Maryland 21842",,
"St. Michaels, Maryland 21663",,
"North East, Maryland 21901",,
"Ocean City, MD 21842",,
"Sabillasville, MD 21780",,
"Flintstone, Maryland 21530",,
"Dowell, Maryland 20629",,
"Oxford, MD 21654",,
"Frostburg, MD 21532",,
"Baltimore, Maryland 21201",,
"Columbia, MD 21046",,
"St. Michaels, Maryland 21663",,
"Grantsville, MD 21536",,
"Sharpsburg, Maryland 21782",,
"Grasonville, Maryland 21638",,
"Monrovia, Maryland 21770",,
"Lee, MA 01240",,
"Lenox, MA 01242",,
"Lenox, MA 01243",,
"Lenox, MA 01241",,
"Brewster, Massachusetts 02631",,
"Lenox, Massachusetts 01240",,
"Lee, MA 01239",,
"Boston, Massachusetts 02125",,
"Boston, MA 02111",,
"Barnstable, MA 02601",,
"Boston, MA 02116",,
"Lenox, MA 01244",,
"Nantucket, MA 02554",,
"Amesbury, Massachusetts 01913",,
"Peabody, Massachusetts 01960",,
"Lenox, Massachusetts 01240",,
"Marblehead, MA 01945",,
"Sandwich, MA 02563",,
"Hancock, MA 01237",,
"Boston, MA 92108",,
"Boston, Massachusetts 02199",,
"Boston, MA 02109",,
"Plymouth, MA 02360",,
"Concord, Massachusetts 01742",,
"Wellfleet, MA 02667",,
"Chicopee, MA 01020",,
"Provincetown, MA 02657",,
"Boston, MA 02199",,
"Allston, MA 02134",,
"Falmouth, MA 02536",,
"Edgartown, MA 02539",,
"Lee, MA 01238",,
"Boston, MA 02116",,
"Williamstown, MA 01267",,
"Falmouth, MA 02540",,
"Boston, Massachusetts 02116",,
"Nantucket, MA 02554",,
"Tisbury, MA 02568",,
"Canton, Massachusetts 02021",,
"Boston, MA 02116",,
"Harwich, Massachusetts 02645",,
"Naubinway, Michigan 49762",,
"Portage, MI 49002",,
"Glen Arbor, Michigan 49636",,
"Detroit, MI 48226",,
"Bloomfield Hills, MI 48301",,
"Port Huron, MI 48060",,
"Comstock Park, Michigan 49321",,
"Harbor Springs, MI 49740",,
"Boyne Falls, MI 49713",,
"Whitehall, Michigan 49461",,
"Thompsonville, MI 49683",,
"Detroit, Michigan 48226",,
"South Haven, MI 49090",,
"Caledonia, MI 49316",,
"Acme, Michigan 49610",,
"Monroe, Michigan 48162",,
"Troy, Michigan 48084",,
"Bay Harbor, Michigan 49770",,
"Suttons Bay, MI 49682",,
"Grand Rapids, Michigan 49503",,
"Williamsburg, MI 49690",,
"Detroit, Michigan 48226",,
"Ann Arbor, MI 48103",,
"Detroit, MI 48214",,
"Ann Arbor, MI 48108",,
"Mt Pleasant, MI 48858",,
"Petoskey, MI 49770",,
"Traverse City, MI 49686",,
"Birmingham, MI 48009",,
"South Haven, Michigan 49090",,
"Detroit, MI 48226",,
"Northport, MI 49670",,
"Frankfort, MI 49635",,
"Traverse City, Michigan 49686",,
"Bloomington, Minnesota 55425",,
"Ely, MN 55731",,
"Mankato, MN 56001",,
"Grand Marais, MN 55604",,
"Mankato, MN 56001",,
"Minneapolis, MN 55402",,
"Morton, Minnesota 56270",,
"Edina, Minnesota 55435",,
"Two Harbors, MN 55616",,
"Cannon Falls, Minnesota 55009",,
"St. Paul, Minnesota 55102",,
"Bloomington, MN 55437",,
"Owatonna, MN 55060",,
"Shakopee, Minnesota 55379",,
"Minneapolis, MN 55403",,
"Morton, Minnesota 56270",,
"Rochester, MN 55904",,
"Woodbury, Minnesota 55125",,
"Two Harbors, MN 55616",,
"Cook, Minnesota 55723",,
"Tofte, MN 55615",,
"Excelsior, Minnesota 55331",,
"New Prague, Minnesota 56071",,
"Minneapolis, MN 55401",,
"Biwabik,  55708",,
"Staples, Minnesota 56479",,
"Bloomington, Minnesota 55425",,
"Cook, Minnesota 55723",,
"Taylors Falls, Minnesota 55084",,
"Biloxi, MS 39530",,
"Bay Saint Louis, Mississippi 39520",,
"Starkville, Mississippi 39759",,
"Columbus, Mississippi 39701",,
"Natchez, MS 39120",,
"Biloxi, Mississippi 39530",,
"Biloxi, Mississippi 39531",,
"Ridgeland, MS 39157",,
"Columbus, Mississippi 39701",,
"Jackson, Mississippi 39206",,
"Jackson, MS 39202",,
"Oxford, Mississippi 38655",,
"Columbus, Mississippi 39701",,
"Starkville, Mississippi 39759",,
"Biloxi, Mississippi 39530",,
"Tupelo, Mississippi 38804",,
"Gulfport, MS 39501",,
"Gulfport, MS 39501",,
"Kiln, Mississippi 39556",,
"Jackson, MS 39201",,
"Tupelo, Mississippi 38804",,
"Walnut Grove, Missouri 65770",,
"Branson, MO 65616",,
"St. Louis, Missouri 63122",,
"Springfield, MO 65804",,
"Branson, MO 65616",,
"Springfield, MO 65802",,
"Joplin, MO 64804",,
"Chesterfield, MO 63005",,
"Branson, MO 65616",,
"La Plata, MO 63549",,
"Springfield, Missouri 65803",,
"St Louis, MO 63102",,
"Richland, Missouri 65556",,
"Springfield, MO 65802",,
"St James, MO 65559",,
"St. Louis, Missouri 63105",,
"West Plains, Missouri 65775",,
"Springfield, MO 65804",,
"St. Louis, Missouri 63134",,
"St Louis, MO 63102",,
"Kingdom City, Missouri 65262",,
"Fenton, Missouri 63026",,
"Springfield, MO 65806",,
"Springfield, MO 65804",,
"Platte City, Missouri 64079",,
"St. Louis, Missouri 63146",,
"St Louis, MO 63101",,
"St. Louis, Missouri 63134",,
"St. Louis, Missouri 63134",,
"Kansas City, Missouri 64132",,
"Lake Ozark, MO 65049",,
"Kansas City, MO 64112",,
"St Louis, Missouri 63105",,
"Columbia, MO 65201",,
"Rich Hill, Missouri 64779",,
"Springfield, Missouri 65804",,
"Joplin, Missouri 64804",,
"St. Louis, Missouri 63103",,
"Rocheport, MO 65279",,
"Whitefish, Montana 59937",,
"Big Sky, MT 59720",,
"Red Lodge, MT 59068",,
"Missoula, Montana 59803",,
"West Yellowstone, MT 59758",,
"West Yellowstone, MT 59758",,
"Lake Mcdonald, Montana 59921",,
"Kalispell, Montana 59901",,
"Helena, MT 59601",,
"Whitefish, MT 59937",,
"Philipsburg, Montana 59858",,
"Greenough, MT 59823",,
"Whitefish, MT 59937",,
"Red Lodge, Montana 59068",,
"Omaha, Nebraska 68102",,
"Aurora, Nebraska 68818",,
"Omaha, NE 68131",,
"Reno, Nevada 89502",,
"Reno, NV 89502",,
"Las Vegas, NV 89109",,
"Minden, NV 89423",,
"Winnemucca, NV 89445",,
"Zephyr Cove, NV 89448",,
"Laughlin, NV 89029",,
"Reno, NV 89511",,
"Reno, Nevada 89501",,
"Stateline, Nevada 89449",,
"Las Vegas, Nevada 89109",,
"Reno, NV 89501",,
"Mesquite, NV 89027",,
"Reno, NV 89521",,
"Las Vegas, NV 89119",,
"Virginia City, NV 89440",,
"Reno, NV 89502",,
"Henderson, Nevada 89052",,
"Carson City, NV 89706",,
"Reno, NV 89523",,
"Reno, Nevada 89502",,
"Las Vegas, NV 89123",,
"Reno, Nevada 89502",,
"Incline Village, NV 89451",,
"Las Vegas, NV 89109",,
"Las Vegas, NV 89109",,
"Elko, Nevada 89801",,
"Reno, Nevada 89501",,
"Las Vegas, NV 89109",,
"Las Vegas, NV 89119",,
"Las Vegas, NV 89109",,
"Reno, NV 89501",,
"Las Vegas, NV 89135",,
"Reno, Nevada 89501",,
"Las Vegas, Nevada 89109",,
"Virginia City, Nevada 89440",,
"Las Vegas, NV 89109",,
"Las Vegas, Nevada 89109",,
"Las Vegas, NV 89109",,
"Las Vegas, NV 89103",,
"Las Vegas, NV 89109",,
"Las Vegas, NV 89169",,
"Las Vegas, NV 89106",,
"Las Vegas, Nevada 89109",,
"Sparks, Nevada 89431",,
"Sparks, Nevada 89434",,
"Reno, NV 89501",,
"Winnemucca, NV 89445",,
"Bedford, NH 03110",,
"Chesterfield, NH 03466",,
"Henniker, NH 03242",,
"North Conway, New Hampshire 03860",,
"North Conway, New Hampshire 03860",,
"Jackson, New Hampshire 03846",,
"Tilton, New Hampshire 03276",,
"Andover, New Hampshire 03216",,
"New London, New Hampshire 03257",,
"Exeter, NH 03833",,
"Lincoln, NH 03251",,
"Holderness, NH 03245",,
"Gorham, New Hampshire 03581",,
"Portsmouth, NH 03801",,
"Conway, NH 03860",,
"Carroll, NH 03583",,
"Lincoln,  03251",,
"Sugar Hill, NH 03586",,
"Concord, NH 03301",,
"Exeter, NH 03833",,
"Hancock, NH 03449",,
"Hart's Location, NH 03812",,
"Portsmouth, NH 03801",,
"Jackson, NH 03846",,
"Wolfeboro, NH 03894",,
"East Windsor, NJ 08520",,
"Morristown, New Jersey 07960",,
"New Providence, New Jersey 07974",,
"Westfield, New Jersey 07090",,
"Atlantic City, NJ 08401",,
"Montville, NJ 07045",,
"Cape May, NJ 08204",,
"Atlantic City, New Jersey 08401",,
"Mahwah, New Jersey 07430",,
"Kingston, New Jersey 08528",,
"Atlantic City, NJ 08401",,
"Absecon, New Jersey 08205",,
"Clinton, New Jersey 08809",,
"Egg Harbor Township, New Jersey 08234",,
"West Orange, NJ 07052",,
"Millburn, NJ 07078",,
"Jersey City, NJ 07302",,
"Lambertville, New Jersey 08530",,
"Jersey City, New Jersey 07032",,
"Jersey City, NJ 07302",,
"Jersey City, New Jersey 07304",,
"Jersey City, New Jersey 07032",,
"Montclair, New Jersey 07042",,
"Princeton, NJ 08540",,
"Cedar Knolls, NJ 07927",,
"Stockton, New Jersey 08559",,
"Bernardsville, NJ 07924",,
"North Wildwood, NJ 08260",,
"Beach Haven, NJ 08008",,
"Summit, NJ 07901",,
"Princeton, NJ 08540",,
"Stanhope, NJ 07874",,
"Newton, NJ 07860",,
"Hoboken, NJ 07030",,
"Brick, NJ 08723",,
"Ranchos de Taos, New Mexico 87557",,
"Albuquerque, NM 87102",,
"Socorro, NM 87801",,
"Farmington, NM 87401",,
"Las Cruces, NM 88011",,
"Ruidoso, New Mexico 88345",,
"Albuquerque, NM 87106",,
"Santa Fe, NM 87505",,
"Santa Fe, New Mexico 87506",,
"Las Cruces, New Mexico 88011",,
"Ruidoso, New Mexico 88345",,
"Las Cruces, New Mexico 88001",,
"Santa Fe, NM 87508",,
"Albuquerque, NM 87105",,
"Albuquerque, NM 87110",,
"Tucumcari, NM 88401",,
"Rodeo, NM 88056",,
"Santa Fe, NM 87501",,
"Santa Fe, NM 87501",,
"Brooklyn, New York 11201",,
"New York, New York 10105",,
"New York, New York 10022",,
"New York, New York 10016",,
"New York, New York 10022",,
"New York, NY 10005",,
"Staten Island, NY 10307",,
"New York, New York 10014",,
"Clarence, NY 14031",,
"Sag Harbor, New York 11963",,
"Lake Placid, NY 12946",,
"Hornell, New York 14843",,
"Olean, New York 14760",,
"Rochester, New York 14623",,
"Canton, NY 13617",,
"Montgomery, New York 12549",,
"Milton, NY 12547",,
"New York, New York 10007",,
"New York, NY 10019",,
"New York, NY 10003",,
"New York, NY 10028",,
"New York, New York 10028",,
"New York, NY 10003",,
"New York, NY 10019",,
"New York, NY 10019",,
"New York, NY 10023",,
"New York, NY 10021",,
"New York, New York 10065",,
"New York, New York 10016",,
"Brooklyn, New York 11249",,
"New York, New York 10025",,
"Corning, New York 14830",,
"Cortland, New York 13045",,
"Rochester, New York 14618",,
"Horseheads, New York 14845",,
"Kingston, NY 12401",,
"Kingston, New York 12401",,
"Suffern, New York 10901",,
"Depew, New York 14043",,
"Brooklyn, New York 11217",,
"Binghamton, NY 13901",,
"Rochester, New York 14620",,
"Saratoga Springs, New York 12866",,
"Brooklyn, New York 11201",,
"Manhattan, New York 10065",,
"Horseheads, New York 14845",,
"Olean, New York 14760",,
"Rochester, New York 14623",,
"Binghamton, New York 13905",,
"Corning, New York 14830",,
"Rochester, New York 14623",,
"Rochester, New York 14623",,
"Tupper Lake, New York 12986",,
"Brooklyn, New York 11201",,
"New York, NY 10001",,
"New York, NY 10023",,
"New York, NY 10036",,
"New York, New York 10075",,
"New York, NY 10075",,
"New York, NY 10021",,
"Brooklyn, NY 11217",,
"Brooklyn, NY 11201",,
"New York, NY 10016",,
"New York, New York 10023",,
"New York, NY 10128",,
"New York, New York 10022",,
"New York, New York 10021",,
"New York, NY 10017",,
"New York, NY 10003",,
"New York, NY 10003",,
"New York, New York 10128",,
"New York, New York 10280",,
"New York, New York 10128",,
"New York, New York 10065",,
"New York, New York 10023",,
"New York, New York 10065",,
"Saratoga Springs, NY 12866",,
"Chester, NY 10918",,
"New York, New York 10023",,
"Holmes, NY 12531",,
"Old Forge, New York 13420",,
"Greenport, New York 11944",,
"Montauk, New York 11954",,
"Yonkers, NY 10701",,
"Painted Post, New York 14870",,
"Cortland, New York 13045",,
"East Aurora, New York 14052",,
"Garden City, New York 11530",,
"East Elmhurst, New York 11369",,
"New Paltz, NY 12561",,
"Oneonta, New York 13820",,
"Kingston, NY 12401",,
"Ithaca, New York 14850",,
"Horseheads, New York 14845",,
"Watertown, New York 13601",,
"Canandaigua, New York 14424",,
"Olean, New York 14760",,
"Painted Post, New York 14870",,
"Rochester, New York 14623",,
"Middletown, New York 10941",,
"Rochester, New York 14623",,
"Riverhead, New York 11901",,
"New York, NY 10069",,
"New York, New York 10013",,
"New York, New York 10069",,
"New York, New York 10016",,
"New York, New York 10016",,
"New York, NY 10024",,
"New York, NY 10023",,
"New York, New York 10028",,
"New York, NY 10003",,
"New York, New York 10011",,
"New York, NY 10003",,
"New York, NY 10019",,
"New York, New York 10004",,
"New York, NY 10014",,
"New York, New York 10155",,
"New York, New York 10016",,
"New York, NY 10011",,
"New York, New York 10025",,
"Manhattan, New York 10016",,
"New York, New York 10021",,
"New York, New York 10021",,
"Manhattan, New York 10065",,
"New York, NY 10024",,
"New York, New York 10024",,
"New York, NY 10010",,
"Manhattan, New York 10023",,
"New York, New York 10022",,
"New York, New York 10022",,
"New York, New York 10013",,
"New York, New York 10010",,
"New York, New York 10016",,
"New York, NY 10019",,
"New York, New York 10021",,
"New York, New York 10010",,
"New York, New York 10010",,
"New York, NY 10010",,
"New York, NY 10021",,
"New York, New York 10011",,
"New York, New York 10016",,
"New York, New York 10019",,
"New York, New York 10018",,
"New York, NY 10017",,
"New York, New York 10021",,
"New York, NY 10128",,
"New York, New York 10021",,
"New York, New York 10022",,
"New York, New York 10003",,
"New York, New York 10005",,
"Forestburgh, NY 12777",,
"New York, New York 10001",,
"Jamesport, New York 11947",,
"Riverhead, NY 11901",,
"Brooklyn, New York 11203",,
"Penn Yan, NY 14527",,
"Ithaca, New York 14850",,
"Long Island City, New York 11109",,
"New York, New York 10065",,
"East Norwich, New York 11732",,
"New York, New York 10029",,
"Brooklyn, New York 10021",,
"New York, New York 10013",,
"New York, New York 10021",,
"New York, New York 10025",,
"New York, New York 10021",,
"New York, New York 10019",,
"New York, New York 10019",,
"New York, New York 10025",,
"Skaneateles, NY 13152",,
"Montauk, NY 11954",,
"New York, New York 10019",,
"Brooklyn, New York 11201",,
"New York, NY 10013",,
"New York, NY 10023",,
"New York, NY 10012",,
"New York, NY 10013",,
"New York, NY 10065",,
"New York, New York 10003",,
"New York, NY 10003",,
"New York, NY 10014",,
"Brooklyn, NY 11201",,
"New York, NY 10075",,
"New York, NY 10016",,
"New York, NY 10036",,
"New York, New York 10014",,
"Aquebogue, New York 11931",,
"Avon, New York 14414",,
"Henrietta, New York 14467",,
"New York, NY 10065",,
"New York, New York 10025",,
"New York, NY 10036",,
"New York, NY 10019",,
"New York, NY 10013",,
"New York, NY 10013",,
"Brooklyn, New York 11231",,
"New York, NY 10282",,
"New York, NY 10036",,
"New York, NY 10025",,
"Brooklyn, NY 11201",,
"New York, NY 10028",,
"New York, NY 10028",,
"Brooklyn, NY 11205",,
"New York, NY 10019",,
"Brooklyn, NY 11201",,
"New York, NY 10025",,
"New York, NY 10001",,
"New York, NY 10069",,
"New York, NY 10280",,
"New York, NY 10011",,
"New York, NY 10019",,
"New York, New York 10011",,
"New York, New York 11101",,
"New York, New York 10128",,
"New York, New York 10016",,
"New York, New York 10011",,
"New York, New York 10016",,
"New York, New York 10023",,
"New York, New York 10025",,
"New York, New York 10025",,
"New York, New York 10038",,
"New York, New York 10024",,
"New York, New York 10128",,
"New York, New York 10021",,
"New York, New York 10019",,
"Brooklyn, New York 11201",,
"New York, New York 10027",,
"New York, New York 10016",,
"Manhattan, New York 10024",,
"New York, New York 10024",,
"Brooklyn, New York 11215",,
"New York, New York 10025",,
"Niagara Falls, New York 14303",,
"Dryden,  13053",,
"Lagrageville, NY 12540",,
"Fort Montgomery, NY 10922",,
"New York, NY 10019",,
"Darien Center, New York 14040",,
"New York, NY 10017",,
"Saratoga Springs, NY 12866",,
"Binghamton, NY 13904",,
"Southampton, NY 11968",,
"Rye, NY 10580",,
"Rhinebeck, New York 12572",,
"New York, New York 10011",,
"New York, New York 10011",,
"Manhattan, New York 10003",,
"New York, New York 10007",,
"New York, New York 10019",,
"New York, New York 10001",,
"New York, New York 10280",,
"Cornwall, NY 12518",,
"Modena, New York 12548",,
"Shelter Island, New York 11964",,
"Lake George, New York 12845",,
"Tarrytown, New York 10591",,
"North Creek, New York 12853",,
"New York, NY 10021",,
"Dundee, NY 14837",,
"Cutchogue, New York 11935",,
"Chestertown, NY 12817",,
"Garrison, NY 10524",,
"Cooperstown, NY 13326",,
"New York, NY 10019",,
"Saranac Lake, NY 12983",,
"New York, New York 10014",,
"Lake Placid, NY 12946",,
"Hudson, New York 12534",,
"Brooklyn, New York 11249",,
"Gardiner, NY 12525",,
"New York, NY 10022",,
"Water Mill, NY 11976",,
"Ithaca, New York 14850",,
"Windham, NY 12496",,
"New York, New York 10029",,
"Manhattan, New York 10021",,
"New York, NY 10001",,
"Brooklyn, New York 11211",,
"Manhattan, New York 10025",,
"Brooklyn, New York 11248",,
"New York, New York 10065",,
"Brooklyn, New York 11249",,
"New York, New York 11248",,
"Manhattan, New York 10028",,
"Manhattan, New York 10025",,
"New York, New York 10075",,
"Manhattan, New York 10001",,
"New York, NY 10028",,
"New York, New York 10021",,
"Brooklyn, NY 11249",,
"New York, New York 10017",,
"New York, NY 10011",,
"New York, NY 10016",,
"New York, NY 10075",,
"New York, NY 10016",,
"New York, New York 10022",,
"New York, NY 10013",,
"New York, New York 10025",,
"New York, NY 10011",,
"New York, NY 10011",,
"New York, NY 10014",,
"New York, NY 10005",,
"New York, New York 10024",,
"New York, New York 10026",,
"New York, NY 10014",,
"New York, NY 10075",,
"New York, NY 10128",,
"New York, New York 10016",,
"Brooklyn, New York 11211",,
"New York, New York 10075",,
"New York, New York 10028",,
"Tryon, NC 28782",,
"Highlands, NC 28741",,
"Asheville, NC 28801",,
"Charlotte, North Carolina 28277",,
"Raleigh, NC 27607",,
"Durham, NC 27712",,
"Brevard, NC 28712",,
"Brevard, NC 28712",,
"Asheville, North Carolina 28801",,
"Wake Forest, North Carolina 27587",,
"Blowing Rock, NC 28605",,
"New Bern, North Carolina 28562",,
"Cape Carteret, North Carolina 28584",,
"Wilmington, North Carolina 28403",,
"Cherokee, North Carolina 28719",,
"Blowing Rock, North Carolina 28605",,
"Southport, North Carolina 28461",,
"Burlington, NC 27215",,
"Charlotte, North Carolina 28217",,
"Robbinsville, NC 28771",,
"Charlotte, North Carolina 28202",,
"Elon, NC 27244",,
"Charlotte, North Carolina 28273",,
"Asheville, North Carolina 28803",,
"Salisbury, NC 28147",,
"Selma, NC 27576",,
"New Bern, NC 28560",,
"Blowing Rock, North Carolina 28605",,
"Boone, North Carolina 28607",,
"Mooresville, NC 28117",,
"Robbinsville, North Carolina 28771",,
"Kannapolis, North Carolina 28083",,
"Mooresville, North Carolina 28115",,
"Charlotte, North Carolina 28273",,
"Durham, NC 27707",,
"Chapel Hill, North Carolina 27517",,
"Charlotte, North Carolina 28202",,
"Asheville, NC 28801",,
"Charlotte, North Carolina 28204",,
"Boone, NC 28607",,
"Blowing Rock, North Carolina 28605",,
"Southern Pines, North Carolina 28387",,
"Highlands, NC 28741",,
"Belmont, North Carolina 28012",,
"Kill Devil Hills, NC 27948",,
"Beaufort, North Carolina 28516",,
"Hendersonville, NC 28739",,
"Pinehurst, NC 28374",,
"Roanoke Rapids, North Carolina 27870",,
"Charlotte, North Carolina 28217",,
"North Topsail Beach, NC 28460",,
"Manteo, North Carolina 27954",,
"Duck, North Carolina 27949",,
"Robbinsville, NC 28771",,
"Winston-Salem, NC 27106",,
"Charlotte, NC 28277",,
"Newton, NC 28658",,
"New Bern, NC 28562",,
"Beaufort, NC 28516",,
"Chapel Hill, NC 27516",,
"Wilmington, NC 28405",,
"Chapel Hill, NC 27516",,
"Chapel Hill, NC 27517",,
"Blowing Rock, North Carolina 28605",,
"Buxton, NC 27920",,
"Durham, NC 27701",,
"Banner Elk, North Carolina 28604",,
"Cary, NC 27511",,
"Asheville, NC 28804",,
"Saluda, NC 28773",,
"Waynesville, NC 28785",,
"Cashiers, North Carolina 28717",,
"Highlands, North Carolina 28741",,
"Cary, NC 27513",,
"Duck, North Carolina 27949",,
"Cullowhee, North Carolina 28723",,
"Charlotte, North Carolina 28214",,
"West Fargo, ND 58078",,
"Cincinnati, OH 45202",,
"Grove City, OH 43123",,
"Copley, OH 44321",,
"Bexley, Ohio 43209",,
"Maumee, Ohio 43537",,
"Uniontown, Ohio 44685",,
"Columbus, Ohio 43240",,
"Wadsworth, Ohio 44281",,
"Dayton, Ohio 45417",,
"Akron, Ohio 44308",,
"Hamilton, Ohio 45011",,
"Westlake, Ohio 44145",,
"Dayton, OH 45459",,
"Dayton, Ohio 45419",,
"Springboro, Ohio 45066",,
"Akron, Ohio 44720",,
"Cincinnati, OH 45241",,
"Columbus, Ohio 43240",,
"Columbus, Ohio 43219",,
"Rockbridge, OH 43149",,
"Cleveland, Ohio 44114",,
"Columbus, Ohio 43137",,
"Austinburg, Ohio 44010",,
"Cincinnati, Ohio 45202",,
"Columbus, OH 43215",,
"Columbus, OH 43219",,
"North Canton, Ohio 44720",,
"Columbus, Ohio 43228",,
"Columbus, Ohio 43215",,
"Reynoldsburg, Ohio 43068",,
"Medina, Ohio 44256",,
"Sandusky, Ohio 44870",,
"Mentor, Ohio 44060",,
"Columbus, Ohio 43235",,
"Logan, OH 43138",,
"Gambier, Ohio 43022",,
"Cincinnati, Ohio 45227",,
"Dayton, Ohio 45409",,
"Milan, Ohio 44846",,
"Huron, Ohio 44839",,
"West Union, OH 45693",,
"Columbus, Ohio 43201",,
"West Liberty, Ohio 43357",,
"Columbus, Ohio 43214",,
"Akron, OH 44313",,
"Streetsboro, OH 44241",,
"Cincinnati, OH 45202",,
"Columbus, Ohio 43202",,
"Columbus, Ohio 43215",,
"Berea, OH 44017",,
"Cleveland, OH 44113",,
"Columbus, Ohio 43212",,
"Millersburg, OH 44654",,
"Dresden, OH 43821",,
"Geneva, OH 44041",,
"Cleveland, OH 44113",,
"Columbus, Ohio 43235",,
"Canton, OH 44721",,
"Danville, OH 43014",,
"Aurora, Ohio 44202",,
"Dellroy, OH 44620",,
"Blue Ash, Ohio 45242",,
"Norman, OK 73072",,
"Ardmore, Oklahoma 73401",,
"Pryor, OK 74361",,
"El Reno, Oklahoma 73036",,
"Tulsa, Oklahoma 74119",,
"Midwest City, Oklahoma 73110",,
"Norman, OK 73069",,
"Oklahoma City, OK 73102",,
"Medford, Oregon 97504",,
"Forest Grove, Oregon 97116",,
"Portland, Oregon 97218",,
"Lake Oswego, Oregon 97035",,
"Bandon, OR 97411",,
"Bandon, Oregon 97411",,
"Corvallis, Oregon 97330",,
"Portland, Oregon 97217",,
"Sutherlin, OR 97479",,
"Sisters, OR 97759",,
"Tillamook, OR 97141",,
"Joseph, OR 97846",,
"Cannon Beach, OR 97110",,
"Waldport, OR 97394",,
"Hood River, OR 97031",,
"Crater Lake, OR 97604",,
"Fort Klamath, Oregon 97626",,
"Bend, Oregon 97702",,
"Dayton, OR 97114",,
"Dayton, Oregon 97114",,
"Salem, Oregon 97301",,
"Florence, Oregon 97439",,
"Redmond, OR 97756",,
"Portland, OR 97204",,
"Estacada, Oregon 97023",,
"Bend, Oregon 97701",,
"Sisters, OR 97759",,
"John Day, Oregon 97845",,
"Portland, OR 97209",,
"Springfield, Oregon 97477",,
"Portland, OR 97204",,
"Prairie City, Oregon 97869",,
"Portland, OR 97232",,
"Portland, OR 97201",,
"Portland, OR 97205",,
"Dundee, OR 97115",,
"Newberg, OR 97132",,
"Portland, OR 97201",,
"Lake Oswego, Oregon 97219",,
"Dundee, Oregon 97115",,
"McMinnville, OR 97128",,
"Lake Oswego, Oregon 97219",,
"Springfield, OR 97478",,
"Bend, Oregon 97702",,
"Yachats, OR 97498",,
"Oceanside, OR 97134",,
"Portland, Oregon 97214",,
"Ashland, Oregon 97520",,
"Ashland, OR 97520",,
"Sherwood, Oregon 97140",,
"Portland, OR 97201",,
"Coos Bay, Oregon 97420",,
"Portland, Oregon 97217",,
"Ashland, Oregon 97520",,
"Bend,  97703",,
"Portland, OR 97211",,
"Portland, Oregon 97232",,
"Bend, OR 97701",,
"Klamath Falls, OR 97601",,
"Yamhill, OR 97148",,
"Portland, Oregon 97205",,
"Cannon Beach, OR 97145",,
"Dayton, OR 97114",,
"Bend, OR 97707",,
"Cannon Beach, OR 97110",,
"Bend, OR 97702",,
"Cannon Beach, OR 97110",,
"Silverton, OR 97381",,
"Bend, OR 97701",,
"Ashland, Oregon 97520",,
"Welches, OR 97055",,
"Waldport, Oregon 97394",,
"Portland, OR 97205",,
"Bend, Oregon 97702",,
"Corvallis, Oregon 97333",,
"Depoe Bay, OR 97341",,
"Port Orford, Oregon 97465",,
"McMinnville, OR 97128",,
"Palmyra, PA 17078",,
"Hummelstown, PA 17036",,
"Towanda, PA 18848",,
"Murrysville, Pennsylvania 15668",,
"Wilkes-Barre Township, PA 18702",,
"Mercer, Pennsylvania 16137",,
"Sayre, PA 18840",,
"Carlisle, PA 17013",,
"Philadelphia, PA 19118",,
"Hawley, PA 18428",,
"State College, PA 16801",,
"Richfield, PA 17086",,
"Philadelphia, PA 19131",,
"Springfield, Pennsylvania 19064",,
"State College, PA 16803",,
"Pittsburgh, Pennsylvania 15219",,
"Bloomsburg, Pennsylvania 17815",,
"Chadds Ford, PA 19317",,
"Media, PA 19063",,
"Mercer, Pennsylvania 16137",,
"Frazer, PA 19355",,
"Matamoras, Pennsylvania 18336",,
"Indiana, Pennsylvania 15705",,
"Kennett Square, Pennsylvania 19348",,
"State College, PA 16801",,
"Phoenixville, PA 19460",,
"Ephrata, PA 17522",,
"Pittsburgh, Pennsylvania 15205",,
"Pittsburgh, Pennsylvania 15220",,
"Wilkes-Barre, Pennsylvania 18704",,
"Eagleville, PA 19403",,
"Plymouth Meeting, Pennsylvania 19462",,
"Warrington, PA 18976",,
"Center Valley, Pennsylvania 18034",,
"Milford, Pennsylvania 18337",,
"Bethlehem, PA 18020",,
"Washington, Pennsylvania 15301",,
"Gettysburg, PA 17325",,
"Hummelstown, PA 17036",,
"Pocono Manor, Pennsylvania 18349",,
"Lancaster, PA 17602",,
"Moon Township, Pennsylvania 15108",,
"Hawley, PA 18428",,
"Clarion, PA 16214",,
"Farmington, PA 15437",,
"Blue Bell, PA 19422",,
"Lake Harmony, Pennsylvania 18624",,
"Devon, Pennsylvania 19333",,
"New Oxford, Pennsylvania 17350",,
"Morris, PA 16938",,
"Pittsburgh, Pennsylvania 15213",,
"Bellefonte, Pennsylvania 16823",,
"Bethlehem, Pennsylvania 18015",,
"Pittsburgh, PA 15232",,
"Skytop, Pennsylvania 18357",,
"Erie, PA 16509",,
"Sharpsville, PA 16150",,
"Wilkes Barre, PA 18702",,
"New Oxford, Pennsylvania 17350",,
"Newfoundland, PA 18445",,
"Lancaster, PA 17602",,
"Leola, PA 17540",,
"Bloomsburg, PA 17815",,
"New Castle, PA 16105",,
"Easton, PA 18042",,
"Palmyra, Pennsylvania 17078",,
"Mercersburg, PA 17236",,
"Bethlehem, PA 18015",,
"Hawley, PA 18428",,
"Jim Thorpe, PA 18229",,
"Watch Hill, RI 02891",,
"Newport, Rhode Island 02840",,
"Westerly, RI 02891",,
"North Myrtle Beach, SC 29582",,
"Latta, SC 29565",,
"Lexington, South Carolina 29072",,
"Charleston, SC 29401",,
"Hilton Head Island, SC 29928",,
"Myrtle Beach, SC 29577",,
"Clemson, South Carolina 29631",,
"Camden, SC 29020",,
"Hilton Head Island, SC 29928",,
"Hartsville, South Carolina 29550",,
"Rock Hill, South Carolina 29732",,
"Murrells Inlet, SC 29576",,
"Myrtle Beach, SC 29572",,
"Greenville, South Carolina 29607",,
"Charleston, South Carolina 29401",,
"Greenville, South Carolina 29601",,
"Charleston, South Carolina 29401",,
"Myrtle Beach, SC 29572",,
"Charleston, South Carolina 29407",,
"Rock Hill, South Carolina 29730",,
"Pawleys Island, SC 29585",,
"Hilton Head Island, South Carolina 29928",,
"Hilton Head Island, South Carolina 29928",,
"North Myrtle Beach, SC 29582",,
"Walterboro, South Carolina 29488",,
"Charleston, SC 29401",,
"Charleston, SC 29412",,
"Beaufort, SC 29902",,
"Kiawah Island, SC 29455",,
"Hilton Head Island, South Carolina 29928",,
"Hilton Head Island, South Carolina 29928",,
"North Charleston, South Carolina 29420",,
"Greenville, South Carolina 29607",,
"Anderson, SC 29624",,
"Myrtle Beach, SC 29577",,
"Rock Hill, SC 29732",,
"Hilton Head Island, SC 29928",,
"Mt. Pleasant, South Carolina 29464",,
"Greenville, South Carolina 29615",,
"Custer, SD 57730",,
"Pierre, South Dakota 57501",,
"Aberdeen, SD 57401",,
"Custer, SD 57730",,
"Custer, SD 57730",,
"Custer, SD 57730",,
"Custer, SD 57730",,
"Sioux Falls, South Dakota 57104",,
"Keystone, SD 57751",,
"Custer, SD 57730",,
"Custer, SD 57730",,
"Custer, SD 57730",,
"Sioux Falls, South Dakota 57103",,
"Baxter, Tennesse 38544",,
"Sevierville, TN 37862",,
"Memphis, Tennessee 38133",,
"Walland, TN 37886",,
"Newport, TN 37821",,
"Townsend, Tennessee 37882",,
"Knoxville, TN 37922",,
"Nashville, Tennessee 37203",,
"Nashville, Tennessee 37214",,
"Greeneville, Tennessee 37743",,
"Franklin, Tennessee 37067",,
"Antioch, TN 37013",,
"Tullahoma, Tennessee 37388",,
"Murfreesboro, Tennessee 37129",,
"Franklin, Tennessee 37067",,
"Nashville, Tennessee 37201",,
"Chattanooga, Tennessee 37402",,
"Antioch, TN 37013",,
"Clarksville, Tennessee 37040",,
"Nashville, TN 37203",,
"Memphis, Tennessee 38133",,
"Memphis, Tennessee 38133",,
"Pigeon Forge, Tennessee 37863",,
"Kingsport, Tennessee 37660",,
"Kodak, TN 37764",,
"Clarksville, Tennessee 37040",,
"Nashville, Tennessee 37214",,
"Copperhill,  37317",,
"Kingsport, Tennessee 37660",,
"Crossville, TN 38571",,
"Nashville, TN 37219",,
"Pigeon Forge, TN 37863",,
"Memphis, Tennessee 38103",,
"Knoxville, TN 37902",,
"Pigeon Forge, Tennessee 37863",,
"Smyrna, Tennessee 37167",,
"Nashville, Tennessee 37203",,
"Westmoreland, Tennessee 37186",,
"Austin, Texas 78734",,
"Fredericksburg, TX 78624",,
"Dallas, Texas 75235",,
"Harker Heights, TX 76548",,
"Austin, Texas 78719",,
"Austin, Texas 78704",,
"Austin, Texas 78731",,
"Baytown, Texas 77521",,
"Bay City, TX 77414",,
"Humble, Texas 77346",,
"Galveston, Texas 77554",,
"Johnson City, TX 78636",,
"Corpus Christi, TX 78418",,
"College Station, TX 77845",,
"Houston, Texas 77019",,
"Duncanville, TX 75137",,
"Floresville, Texas 78114",,
"Lampasas, Texas 76550",,
"Pasadena, Texas 77506",,
"Pecos, TX 79772",,
"Burnet, TX 78611",,
"Denton, TX 76208",,
"Katy, TX 77449",,
"Burkburnett, Texas 76354",,
"Wimberley, TX 78676",,
"Hico, TX 76457",,
"Houston, Texas 77006",,
"Ganado, Texas 77962",,
"Lampasas, Texas 76550",,
"Plano, TX 75024",,
"Corpus Christi, Texas 78418",,
"Seven Points, Texas 75143",,
"Port Aransas, TX 78373",,
"Brenham, Texas 77833",,
"Corpus Christi, TX 78410",,
"Victoria, Texas 77904",,
"Marshall, Texas 75672",,
"San Antonio, TX 78202",,
"Houston, Texas 77064",,
"Dallas, TX 75234",,
"Lake Jackson, Texas 77566",,
"New Braunfels, Texas 78130",,
"Killeen, TX 76541",,
"El Paso, Texas 79936",,
"El Paso, TX 79925",,
"Wimberley, TX 78676",,
"DFW Airport, Texas 75261",,
"Dallas, TX 75201",,
"Dumas, Texas 79029",,
"McAllen, TX 78503",,
"Marfa, Texas 79843",,
"San Antonio, Texas 78205",,
"College Station, TX 77840",,
"McAllen, TX 78501",,
"Galveston, Texas 77550",,
"Plano, Texas 75023",,
"Rockport, TX 78382",,
"Austin, TX 78750",,
"Dallas, Texas 75201",,
"Austin, TX 78701",,
"Irving, Texas 75063",,
"Conroe, TX 77303",,
"San Antonio, TX 78205",,
"Corpus Christi, TX 78408",,
"Fort Worth, Texas 76155",,
"Dallas, Texas 75231",,
"The Colony, Texas 75056",,
"Dumas, TX 79029",,
"Clute, TX 77531",,
"Spring, Texas 77373",,
"Humble, TX 77346",,
"Killeen, TX 76542",,
"Vernon, Texas 76384",,
"Amarillo, TX 79118",,
"Corpus Christi, Texas 78416",,
"Rockwall, TX 75032",,
"Galveston, Texas 77551",,
"Abilene, TX 79606",,
"Bryan, TX 77802",,
"Killeen, TX 76542",,
"Spring, Texas 77373",,
"South Padre Island, Texas 78597",,
"Brenham, TX 77833",,
"Corpus Christi, TX 78408",,
"Deer Park, Texas 77536",,
"Garland, TX 75043",,
"Houston, Texas 77024",,
"Houston, Texas 77085",,
"La Porte, Texas 77571",,
"Dallas, Texas 75240",,
"Pasadena, Texas 77505",,
"Clute, TX 77531",,
"Wharton, Texas 77488",,
"Amarillo, TX 79124",,
"Plano, Texas 75093",,
"San Marcos, Texas 78666",,
"Shenandoah, Texas 77385",,
"Waco, TX 76712",,
"Seguin, Texas 78155",,
"George West, TX 78022",,
"Amarillo, Texas 79124",,
"Austin, TX 78758",,
"El Paso, Texas 79925",,
"Round Rock, TX 78681",,
"Austin, TX 78753",,
"Beaumont, TX 77705",,
"College Station, TX 77840",,
"Horseshoe Bay, TX 78657",,
"Tyler, Texas 75701",,
"Houston, TX 77027",,
"Austin, TX 78705",,
"San Antonio, Texas 78215",,
"Comfort, TX 78013",,
"Wimberley, TX 78676",,
"San Antonio, Texas 78228",,
"Austin, TX 78704",,
"Austin, Texas 78704",,
"Houston, TX 77024",,
"Houston, TX 77005",,
"Frisco, Texas 75034",,
"Corpus Christi, TX 78412",,
"Allen, Texas 75013",,
"Houston, Texas 77070",,
"Austin, TX 78704",,
"Dallas, TX 75207",,
"San Antonio, Texas 78251",,
"Houston, TX 77002",,
"Houston, TX 77056",,
"San Antonio, TX 78205",,
"Granbury, TX 76048",,
"Austin, TX 78701",,
"Houston, Texas 77002",,
"Brazoria, TX 77422",,
"Bryan, TX 77803",,
"Austin, TX 78704",,
"Austin, Texas 78701",,
"San Antonio, Texas 78256",,
"South Padre Island, Texas 78597",,
"Corpus Christi, TX 78411",,
"Jasper, TX 75951",,
"Channelview, Texas 77530",,
"Cedar Park, TX 78613",,
"Bay City, Texas 77414",,
"Brookshire, TX 77007",,
"Katy, Texas 77450",,
"Palestine, TX 75801",,
"Plano, Texas 75093",,
"Rockport, Texas 78382",,
"South Padre Island, Texas 78597",,
"Houston, Texas 77070",,
"Allen, Texas 75013",,
"Kingwood, Texas 77339",,
"Montgomery, TX 77356",,
"Austin, TX 78732",,
"Austin, TX 78758",,
"Austin, TX 78753",,
"Frisco, Texas 75034",,
"Aransas Pass, Texas 78336",,
"Monahans, Texas 79756",,
"Galveston, TX 77554",,
"Dallas, TX 75215",,
"Irving, TX 75039",,
"Plano, TX 75024",,
"Richwood, TX 77531",,
"San Antonio, TX 78204",,
"Austin, TX 78753",,
"Austin, TX 78735",,
"Dallas, TX 75218",,
"Spring, Texas 77388",,
"Frisco, Texas 75034",,
"Lewisville, Texas 75056",,
"Galveston, TX 77550",,
"Dallas, TX 75231",,
"Austin, Texas 78759",,
"Dripping Springs, Texas 78620",,
"Austin, TX 78702",,
"Dallas, TX 75214",,
"San Antonio, Texas 78205",,
"McAllen, TX 78504",,
"Round Rock, TX 78681",,
"Austin, TX 78732",,
"Marion, Texas 78124",,
"Rockwall, TX 75087",,
"Frisco, TX 75034",,
"Houston, Texas 77024",,
"San Marcos, Texas 78666",,
"Corpus Christi, Texas 78411",,
"Pearland, TX 77584",,
"Rockwall, TX 75032",,
"Irving, Texas 75063",,
"Houston, Texas 77025",,
"Washington, Texas 77880",,
"Dallas, Texas 75214",,
"Ingram, Texas 78024",,
"Dallas, TX 75201",,
"Galveston, Texas 77551",,
"San Antonio, Texas 78205",,
"Houston, TX 77027",,
"New Ulm, Texas 78950",,
"Fredericksburg, TX 78624",,
"Austin, TX 78726",,
"Austin, TX 78701",,
"Austin, Texas 78701",,
"Whisper Valley, Texas 78653",,
"Denton, TX 76210",,
"Houston, TX 77061",,
"Salado, TX 76571",,
"Cedar City, UT 84721",,
"Canyon Point, UT 84741",,
"St George, UT 84770",,
"St George, UT 84770",,
"Cedar City, UT 84720",,
"St George, UT 84770",,
"Torrey, Utah 84775",,
"Springdale, Utah 84767",,
"Springdale, UT 84767",,
"Kanab, Utah 84741",,
"Escalante, Utah 84726",,
"Springdale, UT 84767",,
"Salt Lake City, UT 84111",,
"Farmington, Utah 84025",,
"South Jordan, Utah 84095",,
"Salt Lake City, Utah 84109",,
"Park City, UT 84060",,
"Park City, Utah 84098",,
"Saint George, UT 84770",,
"Ivins, Utah 84738",,
"La Verkin, Utah 84745",,
"Park City, UT 84060",,
"Park City, UT 84098",,
"Provo, UT 84601",,
"Salt Lake City, UT 84101",,
"Park City,  84060",,
"Park City, Utah 84060",,
"Park City, UT 84098",,
"Snowbird, Utah 84092",,
"Moab, UT 84532",,
"Park City, UT 84060",,
"Brian Head, UT 84719",,
"Park City, Utah 84098",,
"Vergennes, VT 05491",,
"Warren, VT 05674",,
"Dover, VT 05356",,
"Newfane, Vermont 05345",,
"Grafton, VT 05146",,
"Wilmington, VT 05363",,
"Killington, VT 05751",,
"Burlington, Vermont 05401",,
"Killington, VT 05751",,
"Killington, VT 05751",,
"Killington, VT 05751",,
"Killington, Vermont 05751",,
"Killington, Vermont 05751",,
"Bethel, VT 05032",,
"Middlebury, Vermont 05753",,
"Dover, Vermont 05356",,
"Waitsfield, VT 05673",,
"Ludlow, Vermont 05149",,
"Hyde Park, VT 05655",,
"Stratton, VT 05360",,
"Stowe, VT 05672",,
"Warren, Vermont 05674",,
"Middlebury, VT 05753",,
"Manchester, VT 05255",,
"Stowe, Vermont 05672",,
"Barnard, VT 05031",,
"Warren, VT 05674",,
"Townshend, VT 05359",,
"Woodstock, Vermont 05091",,
"Afton, VA 22920",,
"Virginia Beach, VA 23451",,
"Virginia Beach, Virginia 23451",,
"Staunton, Virginia 24401",,
"Leesburg, Virginia 20176",,
"Lexington, Virginia 24450",,
"Staunton, Virginia 24401",,
"Charlottesville, Virginia 22903",,
"Lexington, VA 24450",,
"Harrisonburg, VA 22801",,
"Virginia Beach, VA 23451",,
"Glen Allen, Virginia 23059",,
"Rocky Mt, VA 24151",,
"Lexington, Virginia 24450",,
"Glen Allen, Virginia 23059",,
"Richmond, Virginia 23294",,
"Roanoke, Virginia 24019",,
"Blacksburg, Virginia 24060",,
"Lynchburg, Virginia 24502",,
"Richmond, Virginia 23219",,
"Williamsburg, Virginia 23185",,
"Hopewell, Virginia 23860",,
"Etlan, VA 22719",,
"Altavista, Virginia 24517",,
"Marshall, Virginia 20115",,
"Charlottesville, VA 22901",,
"Washington, VA 22747",,
"Virginia Beach, VA 23464",,
"Virginia Beach, Virginia 23451",,
"Charlottesville, VA 22901",,
"The Plains, Virginia 22682",,
"Richmond, Virginia 23220",,
"Salem, VA 24153",,
"Stony Creek, Virginia 23882",,
"Alexandria, Virginia 22314",,
"McLean, VA 22102",,
"Richmond, VA 23219",,
"Richmond, Virginia 23233",,
"Christiansburg, VA 24073",,
"Roanoke, Virginia 24016",,
"Richmond, Virginia 23219",,
"Floyd, VA 24091",,
"Roanoke, Virginia 24016",,
"Virginia Beach, Virginia 23451",,
"Charlottesville, VA 22901",,
"Chester, Virginia 23836",,
"Richmond, Virginia 23231",,
"Virginia Beach, Virginia 23451",,
"Midlothian, Virginia 23113",,
"Pearisburg, VA 24134",,
"Waynesboro, VA 22980",,
"Montpelier Station, Virginia 22957",,
"Keswick, VA 22947",,
"Alexandria, VA 22314",,
"Alexandria, Virginia 22314",,
"Boyce, VA 22620",,
"Leesburg, Virginia 20176",,
"South Boston, Virginia 24592",,
"Bedford, Virginia 24523",,
"Broad Run, VA 20137",,
"Virginia Beach, Virginia 23462",,
"Warrenton, Virginia 20187",,
"Norfolk, Virginia 23507",,
"Meadows of Dan, VA 24120",,
"Crozet, Virginia 22932",,
"Louisa County, VA 23093",,
"Richmond, Virginia 23236",,
"Richmond, VA 23220",,
"Richmond, Virginia 23294",,
"Richmond, VA 23220",,
"Chincoteague Island, Virginia 23336",,
"Arlington, VA 22202",,
"Richmond, VA 23219",,
"Yorktown, VA 23690",,
"Middleburg, Virginia 20137",,
"Luray, Virginia 22835",,
"New Market, Virginia 22844",,
"Alexandria, VA 22314",,
"Staunton, Virginia 24401",,
"Smithfield, VA 23430",,
"Fairfax, Virginia 22030",,
"Raphine, VA 24472",,
"Vesuvius, VA 24483",,
"Alexandria, VA 22314",,
"Hopewell, Virginia 23860",,
"Portsmouth, VA 23704",,
"Charlottesville, VA 22903",,
"Blackstone, Virginia 23824",,
"Washington, VA 22747",,
"Onancock, VA 23417",,
"Richmond, VA 23220",,
"Abingdon, VA 24210",,
"Portsmouth, Virginia 23704",,
"Luray, VA 22835",,
"Arlington, VA 22202",,
"Mclean, Virginia 22012",,
"Irvington, VA 22480",,
"Richmond, VA 23230",,
"Norfolk, Virginia 23518",,
"Reva, VA 22735",,
"Virginia Beach, VA 23454",,
"Richmond, Virginia 23233",,
"Seattle, WA 98109",,
"Mossyrock, Washington 98564",,
"Union, WA 98592",,
"Ashford, WA 98304",,
"Walla Walla, WA 99362",,
"Arlington, Washington 98223",,
"Kennewick, Washington 99338",,
"Federal Way, WA 98003",,
"Bellingham, WA 98226",,
"Tacoma, WA 98421",,
"Gig Harbor, WA 98335",,
"Port Angeles, Washington 98363",,
"Carson, Washington 98610",,
"Quincy, WA 98848",,
"Seattle, WA 98188",,
"Port Angeles, WA 98362",,
"Walla Walla, WA 99362",,
"Bellevue, Washington 98004",,
"Westport, Washington 98595",,
"Spokane, WA 99201",,
"Walla Walla, WA 99362",,
"Moses Lake, Washington 98837",,
"Seattle, Washington 98109",,
"Seattle, WA 98101",,
"Port Angeles, WA 98362",,
"Sequim, Washington 98382",,
"Benton City, WA 99320",,
"Spokane, WA 99224",,
"Kennewick, WA 99338",,
"Richland, Washington 99352",,
"Puyallup, Washington 98371",,
"Seattle, Washington 98109",,
"Manson, Washington 98831",,
"Vancouver, Washington 98662",,
"Bellevue, WA 98004",,
"Spokane, Washington 99224",,
"Neah Bay, WA 98357",,
"Neah Bay, WA 98357",,
"Pullman, WA 99163",,
"Issaquah, WA 98027",,
"Richland, Washington 99352",,
"Seattle, Washington 98104",,
"Bellingham, WA 98225",,
"Seattle, WA 98101",,
"Tacoma, WA 98444",,
"Olympia, Washington 98502",,
"Walla Walla, WA 99362",,
"Freeland, Washington 98249",,
"Sequim, Washington 98382",,
"Walla Walla, Washington 99362",,
"Bellevue, Washington 98004",,
"Bellevue, WA 98004",,
"Moclips, Washington 98562",,
"Seattle, WA 98101",,
"Leavenworth, WA 98826",,
"Bellingham, WA 98226",,
"Spokane, WA 99201",,
"Spokane Valley, WA 99216",,
"Woodinville, WA 98072",,
"Walla Walla, WA 99362",,
"Forks, Washington 98331",,
"Pasco, WA 99301",,
"Seattle, WA 98199",,
"Seattle, Washington 98105",,
"Langley, WA 98260",,
"Redmond, WA 98052",,
"Seattle, WA 98121",,
"Blaine, WA 98230",,
"Seattle, WA 98112",,
"Seaview, WA 98644",,
"Stevenson, WA 98648",,
"Winthrop, WA 98862",,
"Cle Elum, Washington 98922",,
"Olympia, WA 98501",,
"Spokane, WA 99201",,
"Spokane, WA 99201",,
"Spokane, WA 99201",,
"Seattle, WA 98101",,
"Des Moines, WA 98198",,
"Spokane, WA 99201",,
"Langley, Washington 98260",,
"Shelton, Washington 98584",,
"Seattle, Washington 98101",,
"Oroville, Washington 98844",,
"Wenatchee, WA 98801",,
"Woodinville, WA 98072",,
"Charles Town, West Virginia 25414",,
"Yellow Spring, WV 26865",,
"Shepherdstown, West Virginia 25443",,
"Davis, West Virginia 26260-0490",,
"Bluefield, West Virginia 24701",,
"Berkeley Springs, West Virginia 25411",,
"Sutton, West Virginia 26601",,
"Davis, West Virginia 26260",,
"Logan, West Virginia 25601",,
"Shepherdstown, West Virginia 25443",,
"Harpers Ferry, West Virginia 25424",,
"Shinnston, WV 26431",,
"Barboursville, West Virginia 25504",,
"Mineral Wells, West Virginia 26150",,
"Hurricane, West Virginia 25526",,
"Ansted, West Virginia 25812",,
"Berkeley Springs, West Virginia 25411",,
"Cabins, WV 26855",,
"Wheeling, WV 26003",,
"Pipestem, West Virginia 25979",,
"Moorefield, West Virginia 26836",,
"Snowshoe, West Virginia 26209",,
"Moorefield, West Virginia 26836",,
"Romney, West Virginia 26757",,
"Roanoke, West Virginia 26447",,
"Summit Point, WV 25446",,
"Berkeley Springs, West Virginia 25411",,
"White Sulphur Springs, WV 24986",,
"Mullens, West Virginia 25882",,
"East Troy, WI 53120",,
"Green Bay, WI 54304",,
"Egg Harbor, Wisconsin 54209",,
"Wisconsin Dells, WI 53965",,
"Baileys Harbor, Wisconsin 54202",,
"Milwaukee, Wisconsin 53207",,
"Wisconsin Dells, WI 53965",,
"Sturgeon Bay, Wisconsin 54235",,
"Sturgeon Bay, Wisconsin 54235",,
"Wausau, WI 54401",,
"Sturgeon Bay, Wisconsin 54235",,
"Hartford, Wisconsin 53027",,
"Birchwood, Wisconsin 54817",,
"Baileys Harbor, Wisconsin 54202",,
"Lake Geneva, WI 53147",,
"West Allis, WI 53214",,
"Green Lake, WI 54941",,
"West Bend, WI 53090",,
"Ephraim, Wisconsin 54211",,
"Madison, WI 53703",,
"Milwaukee, WI 53203",,
"Madison, Wisconsin 53718",,
"Fond du Lac, WI 54937",,
"Sheboygan, WI 53081",,
"Marshfield, WI 54449",,
"Browntown, Wisconsin 53522",,
"Milwaukee, WI 53202",,
"Delavan, Wisconsin 53115",,
"Egg Harbor, Wisconsin 54209",,
"Waukesha, WI 53186",,
"Menomonie, Wisconsin 54751",,
"Custer, WI 54423",,
"Wisconsin Dells, WI 53965",,
"Fontana-on-Geneva Lake, WI 53125",,
"Mayville, WI 53050",,
"Madison, WI 53703",,
"Milwaukee, WI 53202",,
"Three Lakes, WI 54562",,
"Cedarburg, WI 53012",,
"Wilson, WY 83014",,
"Teton village, WY 83025",,
"Riverton, WY 82501",,
"Sheridan, WY 82801",,
"Wheatland, Wyoming 82201",,
"Casper, Wyoming 82601",,
"Jackson, Wyoming 83001",,
"Rock Springs, Wyoming 82901",,
"Jackson, WY 83001",,
"Jackson, Wyoming 83002",,
"Jackson, WY 83001",,
