region,subregion,pop
alabama,autauga,54590
alabama,baldwin,183226
alabama,barbour,27469
alabama,bibb,22769
alabama,blount,57466
alabama,bullock,10779
alabama,butler,20730
alabama,calhoun,117834
alabama,chambers,34228
alabama,cherokee,25917
alabama,chilton,43611
alabama,choctaw,13838
alabama,clarke,25768
alabama,clay,13828
alabama,cleburne,14905
alabama,coffee,49966
alabama,colbert,54451
alabama,conecuh,13188
alabama,coosa,11305
alabama,covington,37803
alabama,crenshaw,13971
alabama,cullman,80403
alabama,dale,50129
alabama,dallas,43572
alabama,dekalb,70949
alabama,elmore,79330
alabama,escambia,38122
alabama,etowah,104317
alabama,fayette,17219
alabama,franklin,31664
alabama,geneva,26769
alabama,greene,9067
alabama,hale,15750
alabama,henry,17275
alabama,houston,101459
alabama,jackson,53279
alabama,jefferson,658464
alabama,lamar,14513
alabama,lauderdale,92528
alabama,lawrence,34148
alabama,lee,140938
alabama,limestone,83313
alabama,lowndes,11304
alabama,macon,21214
alabama,madison,334661
alabama,marengo,20909
alabama,marion,30641
alabama,marshall,93070
alabama,mobile,412297
alabama,monroe,22993
alabama,montgomery,229376
alabama,morgan,119330
alabama,perry,10525
alabama,pickens,19646
alabama,pike,32750
alabama,randolph,22843
alabama,russell,53938
alabama,st. clair,83530
alabama,shelby,195237
alabama,sumter,13669
alabama,talladega,82194
alabama,tallapoosa,41534
alabama,tuscaloosa,194254
alabama,walker,67016
alabama,washington,17407
alabama,wilcox,11706
alabama,winston,24432
alaska,aleutians east,3114
alaska,aleutians west census area,5507
alaska,anchorage,291470
alaska,bethel,17184
alaska,bristol bay,929
alaska,denali,1917
alaska,dillingham,4887
alaska,fairbanks north star,97523
alaska,haines,2500
alaska,hoonah-angoon,2153
alaska,juneau,31636
alaska,kenai peninsula,55474
alaska,ketchikan gateway,13525
alaska,kodiak island,13710
alaska,lake and peninsula,1551
alaska,matanuska-susitna,89319
alaska,nome,9580
alaska,north slope,9317
alaska,northwest arctic,7601
alaska,petersburg,3822
alaska,prince of wales-hyder,5603
alaska,sitka,8909
alaska,skagway,1050
alaska,southeast fairbanks,7039
alaska,valdez-cordova,9614
alaska,wade hampton,7556
alaska,wrangell,2368
alaska,yakutat,644
alaska,yukon-koyukuk,5637
arizona,apache,71618
arizona,cochise,131118
arizona,coconino,134011
arizona,gila,53436
arizona,graham,37115
arizona,greenlee,8592
arizona,la paz,20460
arizona,maricopa,3841819
arizona,mohave,201216
arizona,navajo,107415
arizona,pima,981048
arizona,pinal,368374
arizona,santa cruz,47057
arizona,yavapai,211280
arizona,yuma,196420
arkansas,arkansas,19029
arkansas,ashley,21811
arkansas,baxter,41387
arkansas,benton,222028
arkansas,boone,37032
arkansas,bradley,11510
arkansas,calhoun,5373
arkansas,carroll,27321
arkansas,chicot,11759
arkansas,clark,23050
arkansas,clay,15981
arkansas,cleburne,25849
arkansas,cleveland,8685
arkansas,columbia,24644
arkansas,conway,21203
arkansas,craighead,96709
arkansas,crawford,61670
arkansas,crittenden,50618
arkansas,cross,17891
arkansas,dallas,8122
arkansas,desha,12922
arkansas,drew,18615
arkansas,faulkner,113730
arkansas,franklin,18110
arkansas,fulton,12301
arkansas,garland,96249
arkansas,grant,17852
arkansas,greene,42224
arkansas,hempstead,22548
arkansas,hot spring,33011
arkansas,howard,13790
arkansas,independence,36572
arkansas,izard,13614
arkansas,jackson,17885
arkansas,jefferson,76836
arkansas,johnson,25554
arkansas,lafayette,7618
arkansas,lawrence,17314
arkansas,lee,10430
arkansas,lincoln,14167
arkansas,little river,13068
arkansas,logan,22352
arkansas,lonoke,68274
arkansas,madison,15674
arkansas,marion,16712
arkansas,miller,43449
arkansas,mississippi,46388
arkansas,monroe,8145
arkansas,montgomery,9453
arkansas,nevada,9003
arkansas,newton,8286
arkansas,ouachita,25894
arkansas,perry,10413
arkansas,phillips,21646
arkansas,pike,11261
arkansas,poinsett,24506
arkansas,polk,20535
arkansas,pope,61853
arkansas,prairie,8659
arkansas,pulaski,383185
arkansas,randolph,17992
arkansas,st. francis,28089
arkansas,saline,107498
arkansas,scott,11170
arkansas,searcy,8146
arkansas,sebastian,125795
arkansas,sevier,16978
arkansas,sharp,17278
arkansas,stone,12480
arkansas,union,41594
arkansas,van buren,17223
arkansas,washington,204057
arkansas,white,77007
arkansas,woodruff,7262
arkansas,yell,22033
california,alameda,1515136
california,alpine,1197
california,amador,37764
california,butte,220101
california,calaveras,45507
california,colusa,21329
california,contra costa,1052047
california,del norte,28496
california,el dorado,180441
california,fresno,930517
california,glenn,28078
california,humboldt,134317
california,imperial,173487
california,inyo,18474
california,kern,839153
california,kings,151982
california,lake,64360
california,lassen,34628
california,los angeles,9840024
california,madera,150615
california,marin,252759
california,mariposa,18193
california,mendocino,87577
california,merced,256398
california,modoc,9545
california,mono,14181
california,monterey,416199
california,napa,136644
california,nevada,98521
california,orange,3021840
california,placer,350074
california,plumas,19926
california,riverside,2192982
california,sacramento,1422348
california,san benito,55467
california,san bernardino,2041029
california,san diego,3100500
california,san francisco,807755
california,san joaquin,687036
california,san luis obispo,270121
california,san mateo,721183
california,santa barbara,423594
california,santa clara,1788393
california,santa cruz,262340
california,shasta,177693
california,sierra,3163
california,siskiyou,44673
california,solano,414209
california,sonoma,483456
california,stanislaus,515115
california,sutter,94615
california,tehama,63200
california,trinity,13693
california,tulare,441877
california,tuolumne,55205
california,ventura,822794
california,yolo,200873
california,yuba,72244
colorado,adams,442996
colorado,alamosa,15750
colorado,arapahoe,574357
colorado,archuleta,12109
colorado,baca,3783
colorado,bent,6192
colorado,boulder,297218
colorado,broomfield,55913
colorado,chaffee,17879
colorado,cheyenne,2095
colorado,clear creek,9059
colorado,conejos,8241
colorado,costilla,3556
colorado,crowley,5747
colorado,custer,4208
colorado,delta,30710
colorado,denver,604356
colorado,dolores,1806
colorado,douglas,286883
colorado,eagle,51850
colorado,elbert,23058
colorado,el paso,622816
colorado,fremont,47006
colorado,garfield,56330
colorado,gilpin,5358
colorado,grand,14608
colorado,gunnison,15385
colorado,hinsdale,790
colorado,huerfano,6730
colorado,jackson,1397
colorado,jefferson,536095
colorado,kiowa,1393
colorado,kit carson,8210
colorado,lake,7372
colorado,la plata,51443
colorado,larimer,300870
colorado,las animas,15385
colorado,lincoln,5443
colorado,logan,22541
colorado,mesa,146562
colorado,mineral,702
colorado,moffat,13547
colorado,montezuma,25424
colorado,montrose,40994
colorado,morgan,28200
colorado,otero,18791
colorado,ouray,4445
colorado,park,16168
colorado,phillips,4380
colorado,pitkin,17000
colorado,prowers,12539
colorado,pueblo,159072
colorado,rio blanco,6728
colorado,rio grande,11925
colorado,routt,23385
colorado,saguache,6189
colorado,san juan,747
colorado,san miguel,7432
colorado,sedgwick,2389
colorado,summit,27753
colorado,teller,23163
colorado,washington,4796
colorado,weld,253552
colorado,yuma,10032
connecticut,fairfield,918892
connecticut,hartford,893504
connecticut,litchfield,189277
connecticut,middlesex,165639
connecticut,new haven,860995
connecticut,new london,273723
connecticut,tolland,152137
connecticut,windham,118046
delaware,kent,162785
delaware,new castle,539665
delaware,sussex,197681
district of columbia,district of columbia,605759
florida,alachua,247973
florida,baker,27010
florida,bay,168957
florida,bradford,28404
florida,brevard,544019
florida,broward,1761993
florida,calhoun,14639
florida,charlotte,160380
florida,citrus,140805
florida,clay,190891
florida,collier,323548
florida,columbia,67546
florida,desoto,34628
florida,dixie,16301
florida,duval,866431
florida,escambia,298864
florida,flagler,95987
florida,franklin,11545
florida,gadsden,46823
florida,gilchrist,16880
florida,glades,12952
florida,gulf,15796
florida,hamilton,14728
florida,hardee,27347
florida,hendry,38669
florida,hernando,172784
florida,highlands,98734
florida,hillsborough,1238365
florida,holmes,19971
florida,indian river,138203
florida,jackson,49589
florida,jefferson,14564
florida,lafayette,8668
florida,lake,297995
florida,lee,624155
florida,leon,276506
florida,levy,40541
florida,liberty,8300
florida,madison,19187
florida,manatee,324834
florida,marion,331987
florida,martin,146497
florida,miami-dade,2512219
florida,monroe,73475
florida,nassau,73303
florida,okaloosa,183400
florida,okeechobee,39779
florida,orange,1153795
florida,osceola,272355
florida,palm beach,1324085
florida,pasco,465276
florida,pinellas,917389
florida,polk,604562
florida,putnam,74224
florida,st. johns,191495
florida,st. lucie,278246
florida,santa rosa,153086
florida,sarasota,380479
florida,seminole,423389
florida,sumter,94240
florida,suwannee,42287
florida,taylor,22561
florida,union,15400
florida,volusia,495581
florida,wakulla,30449
florida,walton,55349
florida,washington,24732
georgia,appling,18279
georgia,atkinson,8355
georgia,bacon,11124
georgia,baker,3483
georgia,baldwin,46378
georgia,banks,18250
georgia,barrow,69136
georgia,bartow,99872
georgia,ben hill,17612
georgia,berrien,19131
georgia,bibb,155560
georgia,bleckley,13009
georgia,brantley,18279
georgia,brooks,16066
georgia,bryan,30616
georgia,bulloch,70360
georgia,burke,23242
georgia,butts,23671
georgia,calhoun,6581
georgia,camden,50435
georgia,candler,11007
georgia,carroll,110750
georgia,catoosa,64226
georgia,charlton,12954
georgia,chatham,266344
georgia,chattahoochee,11917
georgia,chattooga,25905
georgia,cherokee,215014
georgia,clarke,117762
georgia,clay,3174
georgia,clayton,262066
georgia,clinch,6800
georgia,cobb,691820
georgia,coffee,42566
georgia,colquitt,45531
georgia,columbia,124665
georgia,cook,17073
georgia,coweta,127212
georgia,crawford,12701
georgia,crisp,23460
georgia,dade,16598
georgia,dawson,22246
georgia,decatur,27815
georgia,dekalb,694671
georgia,dodge,21509
georgia,dooly,14528
georgia,dougherty,94591
georgia,douglas,132124
georgia,early,10928
georgia,echols,4024
georgia,effingham,52203
georgia,elbert,20103
georgia,emanuel,22600
georgia,evans,10935
georgia,fannin,23554
georgia,fayette,106525
georgia,floyd,96204
georgia,forsyth,177103
georgia,franklin,22070
georgia,fulton,929535
georgia,gilmer,28232
georgia,glascock,3082
georgia,glynn,79628
georgia,gordon,55192
georgia,grady,25068
georgia,greene,15988
georgia,gwinnett,810624
georgia,habersham,43038
georgia,hall,180831
georgia,hancock,9422
georgia,haralson,28627
georgia,harris,31870
georgia,hart,25277
georgia,heard,11756
georgia,henry,203185
georgia,houston,140699
georgia,irwin,9646
georgia,jackson,60268
georgia,jasper,13786
georgia,jeff davis,14972
georgia,jefferson,16817
georgia,jenkins,8477
georgia,johnson,9981
georgia,jones,28638
georgia,lamar,18151
georgia,lanier,10066
georgia,laurens,48264
georgia,lee,28449
georgia,liberty,64663
georgia,lincoln,7962
georgia,long,14488
georgia,lowndes,109730
georgia,lumpkin,30040
georgia,mcduffie,21762
georgia,mcintosh,14119
georgia,macon,14552
georgia,madison,27988
georgia,marion,8615
georgia,meriwether,21966
georgia,miller,6094
georgia,mitchell,23510
georgia,monroe,26376
georgia,montgomery,9054
georgia,morgan,17919
georgia,murray,39635
georgia,muscogee,191278
georgia,newton,100047
georgia,oconee,32814
georgia,oglethorpe,14745
georgia,paulding,141846
georgia,peach,27531
georgia,pickens,29445
georgia,pierce,18631
georgia,pike,17765
georgia,polk,41350
georgia,pulaski,11801
georgia,putnam,21184
georgia,quitman,2542
georgia,rabun,16297
georgia,randolph,7596
georgia,richmond,200337
georgia,rockdale,85008
georgia,schley,4963
georgia,screven,14574
georgia,seminole,8815
georgia,spalding,63979
georgia,stephens,26003
georgia,stewart,5991
georgia,sumter,32425
georgia,talbot,6772
georgia,taliaferro,1674
georgia,tattnall,25023
georgia,taylor,8700
georgia,telfair,16312
georgia,terrell,9365
georgia,thomas,44715
georgia,tift,40430
georgia,toombs,27270
georgia,towns,10491
georgia,treutlen,6851
georgia,troup,67146
georgia,turner,8834
georgia,twiggs,8984
georgia,union,21344
georgia,upson,27061
georgia,walker,68463
georgia,walton,83771
georgia,ware,36099
georgia,warren,5788
georgia,washington,21092
georgia,wayne,30157
georgia,webster,2773
georgia,wheeler,7572
georgia,white,27141
georgia,whitfield,102152
georgia,wilcox,9142
georgia,wilkes,10398
georgia,wilkinson,9577
georgia,worth,21746
hawaii,hawaii,185399
hawaii,honolulu,955215
hawaii,kalawao,66
hawaii,kauai,67113
hawaii,maui,154937
idaho,ada,394961
idaho,adams,3976
idaho,bannock,82584
idaho,bear lake,5977
idaho,benewah,9247
idaho,bingham,45312
idaho,blaine,21323
idaho,boise,7014
idaho,bonner,40806
idaho,bonneville,104177
idaho,boundary,10857
idaho,butte,2828
idaho,camas,1276
idaho,canyon,189396
idaho,caribou,6872
idaho,cassia,22813
idaho,clark,780
idaho,clearwater,8679
idaho,custer,4338
idaho,elmore,26655
idaho,franklin,12739
idaho,fremont,13123
idaho,gem,16768
idaho,gooding,15327
idaho,idaho,16215
idaho,jefferson,25940
idaho,jerome,22140
idaho,kootenai,139083
idaho,latah,37365
idaho,lemhi,7892
idaho,lewis,3818
idaho,lincoln,5167
idaho,madison,37311
idaho,minidoka,19909
idaho,nez perce,39226
idaho,oneida,4236
idaho,owyhee,11479
idaho,payette,22614
idaho,power,7717
idaho,shoshone,12797
idaho,teton,10007
idaho,twin falls,77122
idaho,valley,9793
idaho,washington,10144
illinois,adams,67098
illinois,alexander,8147
illinois,bond,17762
illinois,boone,54141
illinois,brown,6913
illinois,bureau,34798
illinois,calhoun,5065
illinois,carroll,15338
illinois,cass,13570
illinois,champaign,200931
illinois,christian,34805
illinois,clark,16353
illinois,clay,13828
illinois,clinton,37793
illinois,coles,53683
illinois,cook,5197677
illinois,crawford,19777
illinois,cumberland,11044
illinois,dekalb,104820
illinois,de witt,16562
illinois,douglas,19908
illinois,dupage,918608
illinois,edgar,18513
illinois,edwards,6691
illinois,effingham,34258
illinois,fayette,22082
illinois,ford,14045
illinois,franklin,39518
illinois,fulton,36989
illinois,gallatin,5592
illinois,greene,13828
illinois,grundy,49870
illinois,hamilton,8430
illinois,hancock,19063
illinois,hardin,4315
illinois,henderson,7275
illinois,henry,50378
illinois,iroquois,29689
illinois,jackson,59992
illinois,jasper,9707
illinois,jefferson,38908
illinois,jersey,22939
illinois,jo daviess,22663
illinois,johnson,12653
illinois,kane,514891
illinois,kankakee,113170
illinois,kendall,114226
illinois,knox,52698
illinois,lake,701282
illinois,lasalle,113688
illinois,lawrence,16778
illinois,lee,35778
illinois,livingston,38903
illinois,logan,30278
illinois,mcdonough,32568
illinois,mchenry,308163
illinois,mclean,169689
illinois,macon,110558
illinois,macoupin,47712
illinois,madison,268586
illinois,marion,39319
illinois,marshall,12567
illinois,mason,14636
illinois,massac,15370
illinois,menard,12728
illinois,mercer,16421
illinois,monroe,33003
illinois,montgomery,29977
illinois,morgan,35544
illinois,moultrie,14844
illinois,ogle,53378
illinois,peoria,186399
illinois,perry,22287
illinois,piatt,16679
illinois,pike,16436
illinois,pope,4399
illinois,pulaski,6107
illinois,putnam,5968
illinois,randolph,33353
illinois,richland,16181
illinois,rock island,147504
illinois,st. clair,268873
illinois,saline,24975
illinois,sangamon,197474
illinois,schuyler,7499
illinois,scott,5322
illinois,shelby,22316
illinois,stark,5983
illinois,stephenson,47532
illinois,tazewell,135201
illinois,union,17799
illinois,vermilion,81463
illinois,wabash,11935
illinois,warren,17723
illinois,washington,14692
illinois,wayne,16727
illinois,white,14686
illinois,whiteside,58400
illinois,will,677669
illinois,williamson,66335
illinois,winnebago,294433
illinois,woodford,38736
indiana,adams,34343
indiana,allen,355940
indiana,bartholomew,77297
indiana,benton,8816
indiana,blackford,12742
indiana,boone,56823
indiana,brown,15181
indiana,carroll,20105
indiana,cass,38875
indiana,clark,110100
indiana,clay,26908
indiana,clinton,33179
indiana,crawford,10702
indiana,daviess,31604
indiana,dearborn,49904
indiana,decatur,25772
indiana,dekalb,42218
indiana,delaware,117459
indiana,dubois,41995
indiana,elkhart,198214
indiana,fayette,24220
indiana,floyd,74601
indiana,fountain,17212
indiana,franklin,23108
indiana,fulton,20762
indiana,gibson,33437
indiana,grant,69886
indiana,greene,33032
indiana,hamilton,276098
indiana,hancock,69778
indiana,harrison,39102
indiana,hendricks,145880
indiana,henry,49381
indiana,howard,82914
indiana,huntington,37144
indiana,jackson,42414
indiana,jasper,33369
indiana,jay,21353
indiana,jefferson,32501
indiana,jennings,28373
indiana,johnson,140033
indiana,knox,38392
indiana,kosciusko,77328
indiana,lagrange,37284
indiana,lake,495230
indiana,laporte,111335
indiana,lawrence,46131
indiana,madison,131244
indiana,marion,904535
indiana,marshall,47045
indiana,martin,10300
indiana,miami,36850
indiana,monroe,138048
indiana,montgomery,38207
indiana,morgan,69033
indiana,newton,14199
indiana,noble,47547
indiana,ohio,6093
indiana,orange,19828
indiana,owen,21583
indiana,parke,17251
indiana,perry,19408
indiana,pike,12849
indiana,porter,164386
indiana,posey,25840
indiana,pulaski,13395
indiana,putnam,37995
indiana,randolph,26101
indiana,ripley,28702
indiana,rush,17349
indiana,st. joseph,266785
indiana,scott,24044
indiana,shelby,44435
indiana,spencer,20948
indiana,starke,23310
indiana,steuben,34116
indiana,sullivan,21379
indiana,switzerland,10509
indiana,tippecanoe,173317
indiana,tipton,15917
indiana,union,7449
indiana,vanderburgh,179610
indiana,vermillion,16224
indiana,vigo,107805
indiana,wabash,32804
indiana,warren,8490
indiana,warrick,59643
indiana,washington,28162
indiana,wayne,68797
indiana,wells,27677
indiana,white,24612
indiana,whitley,33234
iowa,adair,7628
iowa,adams,4027
iowa,allamakee,14285
iowa,appanoose,12858
iowa,audubon,6077
iowa,benton,26044
iowa,black hawk,130843
iowa,boone,26324
iowa,bremer,24294
iowa,buchanan,20988
iowa,buena vista,20215
iowa,butler,14899
iowa,calhoun,9936
iowa,carroll,20751
iowa,cass,13865
iowa,cedar,18446
iowa,cerro gordo,44083
iowa,cherokee,12011
iowa,chickasaw,12409
iowa,clarke,9286
iowa,clay,16649
iowa,clayton,18056
iowa,clinton,49074
iowa,crawford,17100
iowa,dallas,66997
iowa,davis,8718
iowa,decatur,8382
iowa,delaware,17721
iowa,des moines,40268
iowa,dickinson,16778
iowa,dubuque,93776
iowa,emmet,10263
iowa,fayette,20894
iowa,floyd,16204
iowa,franklin,10650
iowa,fremont,7373
iowa,greene,9304
iowa,grundy,12431
iowa,guthrie,10915
iowa,hamilton,15614
iowa,hancock,11320
iowa,hardin,17479
iowa,harrison,14838
iowa,henry,20242
iowa,howard,9568
iowa,humboldt,9818
iowa,ida,7113
iowa,iowa,16320
iowa,jackson,19807
iowa,jasper,36823
iowa,jefferson,16791
iowa,johnson,131627
iowa,jones,20686
iowa,keokuk,10480
iowa,kossuth,15510
iowa,lee,35741
iowa,linn,211954
iowa,louisa,11448
iowa,lucas,8913
iowa,lyon,11623
iowa,madison,15630
iowa,mahaska,22432
iowa,marion,33388
iowa,marshall,40568
iowa,mills,15028
iowa,mitchell,10761
iowa,monona,9242
iowa,monroe,7979
iowa,montgomery,10710
iowa,muscatine,42729
iowa,o'brien,14302
iowa,osceola,6413
iowa,page,15902
iowa,palo alto,9402
iowa,plymouth,24911
iowa,pocahontas,7307
iowa,polk,431811
iowa,pottawattamie,92793
iowa,poweshiek,18888
iowa,ringgold,5123
iowa,sac,10307
iowa,scott,165432
iowa,shelby,12158
iowa,sioux,33776
iowa,story,89734
iowa,tama,17746
iowa,taylor,6292
iowa,union,12525
iowa,van buren,7565
iowa,wapello,35449
iowa,warren,46239
iowa,washington,21765
iowa,wayne,6372
iowa,webster,37895
iowa,winnebago,10800
iowa,winneshiek,21033
iowa,woodbury,101948
iowa,worth,7581
iowa,wright,13173
kansas,allen,13364
kansas,anderson,8066
kansas,atchison,16854
kansas,barber,4867
kansas,barton,27556
kansas,bourbon,15060
kansas,brown,9962
kansas,butler,65647
kansas,chase,2788
kansas,chautauqua,3654
kansas,cherokee,21521
kansas,cheyenne,2724
kansas,clark,2198
kansas,clay,8547
kansas,cloud,9479
kansas,coffey,8553
kansas,comanche,1893
kansas,cowley,36259
kansas,crawford,39133
kansas,decatur,2939
kansas,dickinson,19766
kansas,doniphan,7931
kansas,douglas,111073
kansas,edwards,3021
kansas,elk,2856
kansas,ellis,28525
kansas,ellsworth,6477
kansas,finney,36608
kansas,ford,33725
kansas,franklin,25916
kansas,geary,34110
kansas,gove,2771
kansas,graham,2617
kansas,grant,7817
kansas,gray,5982
kansas,greeley,1234
kansas,greenwood,6654
kansas,hamilton,2656
kansas,harper,5998
kansas,harvey,34572
kansas,haskell,4222
kansas,hodgeman,1949
kansas,jackson,13401
kansas,jefferson,19036
kansas,jewell,3085
kansas,johnson,546046
kansas,kearny,3952
kansas,kingman,7876
kansas,kiowa,2503
kansas,labette,21574
kansas,lane,1666
kansas,leavenworth,76286
kansas,lincoln,3240
kansas,linn,9613
kansas,logan,2766
kansas,lyon,34103
kansas,mcpherson,29208
kansas,marion,12565
kansas,marshall,10083
kansas,meade,4504
kansas,miami,32546
kansas,mitchell,6359
kansas,montgomery,35167
kansas,morris,5917
kansas,morton,3207
kansas,nemaha,10170
kansas,neosho,16501
kansas,ness,3102
kansas,norton,5658
kansas,osage,16300
kansas,osborne,3852
kansas,ottawa,6099
kansas,pawnee,6945
kansas,phillips,5579
kansas,pottawatomie,21620
kansas,pratt,9670
kansas,rawlins,2555
kansas,reno,64346
kansas,republic,4965
kansas,rice,10077
kansas,riley,71927
kansas,rooks,5205
kansas,rush,3262
kansas,russell,6926
kansas,saline,55493
kansas,scott,4872
kansas,sedgwick,497062
kansas,seward,23013
kansas,shawnee,177688
kansas,sheridan,2562
kansas,sherman,6036
kansas,smith,3835
kansas,stafford,4398
kansas,stanton,2200
kansas,stevens,5633
kansas,sumner,24000
kansas,thomas,7854
kansas,trego,2977
kansas,wabaunsee,7048
kansas,wallace,1508
kansas,washington,5806
kansas,wichita,2239
kansas,wilson,9368
kansas,woodson,3311
kansas,wyandotte,157274
kentucky,adair,18651
kentucky,allen,20007
kentucky,anderson,21442
kentucky,ballard,8268
kentucky,barren,42229
kentucky,bath,11665
kentucky,bell,28613
kentucky,boone,119406
kentucky,bourbon,20004
kentucky,boyd,49358
kentucky,boyle,28445
kentucky,bracken,8488
kentucky,breathitt,13922
kentucky,breckinridge,20068
kentucky,bullitt,74431
kentucky,butler,12748
kentucky,caldwell,12977
kentucky,calloway,37198
kentucky,campbell,90119
kentucky,carlisle,5081
kentucky,carroll,10851
kentucky,carter,27594
kentucky,casey,15984
kentucky,christian,73722
kentucky,clark,35555
kentucky,clay,21833
kentucky,clinton,10244
kentucky,crittenden,9321
kentucky,cumberland,6857
kentucky,daviess,96711
kentucky,edmonson,12141
kentucky,elliott,7774
kentucky,estill,14647
kentucky,fayette,296766
kentucky,fleming,14415
kentucky,floyd,39454
kentucky,franklin,49399
kentucky,fulton,6758
kentucky,gallatin,8513
kentucky,garrard,16892
kentucky,grant,24683
kentucky,graves,37200
kentucky,grayson,25772
kentucky,green,11309
kentucky,greenup,36922
kentucky,hancock,8588
kentucky,hardin,104513
kentucky,harlan,29210
kentucky,harrison,18781
kentucky,hart,18278
kentucky,henderson,46254
kentucky,henry,15428
kentucky,hickman,4869
kentucky,hopkins,46891
kentucky,jackson,13475
kentucky,jefferson,741285
kentucky,jessamine,48591
kentucky,johnson,23339
kentucky,kenton,159926
kentucky,knott,16368
kentucky,knox,31874
kentucky,larue,14175
kentucky,laurel,58891
kentucky,lawrence,15889
kentucky,lee,7831
kentucky,leslie,11318
kentucky,letcher,24336
kentucky,lewis,13889
kentucky,lincoln,24671
kentucky,livingston,9479
kentucky,logan,26786
kentucky,lyon,8336
kentucky,mccracken,65558
kentucky,mccreary,18204
kentucky,mclean,9554
kentucky,madison,83174
kentucky,magoffin,13229
kentucky,marion,19872
kentucky,marshall,31393
kentucky,martin,12934
kentucky,mason,17495
kentucky,meade,28979
kentucky,menifee,6331
kentucky,mercer,21283
kentucky,metcalfe,10074
kentucky,monroe,10925
kentucky,montgomery,26517
kentucky,morgan,13898
kentucky,muhlenberg,31399
kentucky,nelson,43500
kentucky,nicholas,7092
kentucky,ohio,23975
kentucky,oldham,60357
kentucky,owen,10870
kentucky,owsley,4764
kentucky,pendleton,14771
kentucky,perry,28617
kentucky,pike,64887
kentucky,powell,12638
kentucky,pulaski,63045
kentucky,robertson,2251
kentucky,rockcastle,17090
kentucky,rowan,23351
kentucky,russell,17562
kentucky,scott,47211
kentucky,shelby,42286
kentucky,simpson,17323
kentucky,spencer,17135
kentucky,taylor,24514
kentucky,todd,12472
kentucky,trigg,14282
kentucky,trimble,8829
kentucky,union,14992
kentucky,warren,113787
kentucky,washington,11701
kentucky,wayne,20819
kentucky,webster,13618
kentucky,whitley,35756
kentucky,wolfe,7298
kentucky,woodford,24847
louisiana,acadia,61611
louisiana,allen,25740
louisiana,ascension,107647
louisiana,assumption,23321
louisiana,avoyelles,41925
louisiana,beauregard,35662
louisiana,bienville,14312
louisiana,bossier,117742
louisiana,caddo,254970
louisiana,calcasieu,192307
louisiana,caldwell,10118
louisiana,cameron,6934
louisiana,catahoula,10409
louisiana,claiborne,17059
louisiana,concordia,20624
louisiana,de soto,26695
louisiana,east baton rouge,439662
louisiana,east carroll,7738
louisiana,east feliciana,20252
louisiana,evangeline,33989
louisiana,franklin,20714
louisiana,grant,22049
louisiana,iberia,73527
louisiana,iberville,33386
louisiana,jackson,16210
louisiana,jefferson,432706
louisiana,jefferson davis,31529
louisiana,lafayette,221602
louisiana,lafourche,96453
louisiana,la salle,14840
louisiana,lincoln,46543
louisiana,livingston,128192
louisiana,madison,12113
louisiana,morehouse,27893
louisiana,natchitoches,39434
louisiana,orleans,341407
louisiana,ouachita,153752
louisiana,plaquemines,23220
louisiana,pointe coupee,22821
louisiana,rapides,131655
louisiana,red river,9068
louisiana,richland,20785
louisiana,sabine,24265
louisiana,st. bernard,35947
louisiana,st. charles,52663
louisiana,st. helena,11106
louisiana,st. james,21978
louisiana,st. john the baptist,45741
louisiana,st. landry,83774
louisiana,st. martin,52343
louisiana,st. mary,54285
louisiana,st. tammany,234283
louisiana,tangipahoa,121209
louisiana,tensas,5189
louisiana,terrebonne,111666
louisiana,union,22633
louisiana,vermilion,58041
louisiana,vernon,51542
louisiana,washington,47025
louisiana,webster,41156
louisiana,west baton rouge,23748
louisiana,west carroll,11587
louisiana,west feliciana,15575
louisiana,winn,15233
maine,androscoggin,107766
maine,aroostook,71757
maine,cumberland,282143
maine,franklin,30704
maine,hancock,54470
maine,kennebec,122022
maine,knox,39848
maine,lincoln,34440
maine,oxford,57814
maine,penobscot,153742
maine,piscataquis,17432
maine,sagadahoc,35394
maine,somerset,52098
maine,waldo,38761
maine,washington,32832
maine,york,197861
maryland,allegany,74645
maryland,anne arundel,538473
maryland,baltimore,807318
maryland,calvert,88774
maryland,caroline,32947
maryland,carroll,167249
maryland,cecil,101109
maryland,charles,147107
maryland,dorchester,32570
maryland,frederick,234268
maryland,garrett,30079
maryland,harford,245396
maryland,howard,288676
maryland,kent,20184
maryland,montgomery,974824
maryland,prince george's,865443
maryland,queen anne's,47894
maryland,st. mary's,105528
maryland,somerset,26402
maryland,talbot,37746
maryland,washington,147882
maryland,wicomico,98940
maryland,worcester,51398
maryland,baltimore,620644
massachusetts,barnstable,216021
massachusetts,berkshire,130866
massachusetts,bristol,548739
massachusetts,dukes,16581
massachusetts,essex,744961
massachusetts,franklin,71489
massachusetts,hampden,464072
massachusetts,hampshire,158850
massachusetts,middlesex,1507558
massachusetts,nantucket,10194
massachusetts,norfolk,672078
massachusetts,plymouth,495407
massachusetts,suffolk,724502
massachusetts,worcester,799277
michigan,alcona,10943
michigan,alger,9531
michigan,allegan,111589
michigan,alpena,29602
michigan,antrim,23634
michigan,arenac,15952
michigan,baraga,8808
michigan,barry,59249
michigan,bay,107633
michigan,benzie,17554
michigan,berrien,156759
michigan,branch,44920
michigan,calhoun,136063
michigan,cass,52412
michigan,charlevoix,26057
michigan,cheboygan,26195
michigan,chippewa,38919
michigan,clare,30924
michigan,clinton,75274
michigan,crawford,14119
michigan,delta,37075
michigan,dickinson,26286
michigan,eaton,107861
michigan,emmet,32799
michigan,genesee,425337
michigan,gladwin,25736
michigan,gogebic,16297
michigan,grand traverse,87483
michigan,gratiot,42340
michigan,hillsdale,46617
michigan,houghton,36519
michigan,huron,33001
michigan,ingham,281323
michigan,ionia,64149
michigan,iosco,25880
michigan,iron,11837
michigan,isabella,70186
michigan,jackson,160257
michigan,kalamazoo,250704
michigan,kalkaska,17231
michigan,kent,605244
michigan,keweenaw,2168
michigan,lake,11543
michigan,lapeer,88626
michigan,leelanau,21677
michigan,lenawee,99878
michigan,livingston,181678
michigan,luce,6590
michigan,mackinac,11144
michigan,macomb,841769
michigan,manistee,24753
michigan,marquette,67178
michigan,mason,28672
michigan,mecosta,42947
michigan,menominee,24041
michigan,midland,83744
michigan,missaukee,14945
michigan,monroe,151944
michigan,montcalm,63357
michigan,montmorency,9709
michigan,muskegon,171755
michigan,newaygo,48517
michigan,oakland,1207097
michigan,oceana,26636
michigan,ogemaw,21674
michigan,ontonagon,6703
michigan,osceola,23486
michigan,oscoda,8709
michigan,otsego,24175
michigan,ottawa,264835
michigan,presque isle,13368
michigan,roscommon,24447
michigan,saginaw,200017
michigan,st. clair,162978
michigan,st. joseph,61314
michigan,sanilac,43096
michigan,schoolcraft,8455
michigan,shiawassee,70402
michigan,tuscola,55616
michigan,van buren,76149
michigan,washtenaw,346010
michigan,wayne,1822469
michigan,wexford,32694
minnesota,aitkin,16166
minnesota,anoka,331649
minnesota,becker,32600
minnesota,beltrami,44652
minnesota,benton,38560
minnesota,big stone,5250
minnesota,blue earth,63991
minnesota,brown,25772
minnesota,carlton,35304
minnesota,carver,91355
minnesota,cass,28519
minnesota,chippewa,12327
minnesota,chisago,53526
minnesota,clay,58937
minnesota,clearwater,8672
minnesota,cook,5206
minnesota,cottonwood,11665
minnesota,crow wing,62521
minnesota,dakota,399443
minnesota,dodge,20071
minnesota,douglas,36167
minnesota,faribault,14546
minnesota,fillmore,20880
minnesota,freeborn,31188
minnesota,goodhue,46144
minnesota,grant,6016
minnesota,hennepin,1158039
minnesota,houston,19001
minnesota,hubbard,20372
minnesota,isanti,38004
minnesota,itasca,45052
minnesota,jackson,10273
minnesota,kanabec,16255
minnesota,kandiyohi,42150
minnesota,kittson,4547
minnesota,koochiching,13293
minnesota,lac qui parle,7240
minnesota,lake,10849
minnesota,lake of the woods,4039
minnesota,le sueur,27744
minnesota,lincoln,5876
minnesota,lyon,25714
minnesota,mcleod,36527
minnesota,mahnomen,5442
minnesota,marshall,9475
minnesota,martin,20727
minnesota,meeker,23262
minnesota,mille lacs,26004
minnesota,morrison,33173
minnesota,mower,39115
minnesota,murray,8690
minnesota,nicollet,32689
minnesota,nobles,21349
minnesota,norman,6796
minnesota,olmsted,144507
minnesota,otter tail,57381
minnesota,pennington,13950
minnesota,pine,29564
minnesota,pipestone,9536
minnesota,polk,31426
minnesota,pope,10978
minnesota,ramsey,510885
minnesota,red lake,4100
minnesota,redwood,16006
minnesota,renville,15653
minnesota,rice,64171
minnesota,rock,9620
minnesota,roseau,15665
minnesota,st. louis,200150
minnesota,scott,130689
minnesota,sherburne,88558
minnesota,sibley,15189
minnesota,stearns,150307
minnesota,steele,36524
minnesota,stevens,9712
minnesota,swift,9764
minnesota,todd,24783
minnesota,traverse,3549
minnesota,wabasha,21636
minnesota,wadena,13808
minnesota,waseca,19089
minnesota,washington,238721
minnesota,watonwan,11177
minnesota,wilkin,6584
minnesota,winona,51481
minnesota,wright,124737
minnesota,yellow medicine,10357
mississippi,adams,32391
mississippi,alcorn,37027
mississippi,amite,13139
mississippi,attala,19454
mississippi,benton,8725
mississippi,bolivar,34239
mississippi,calhoun,14903
mississippi,carroll,10553
mississippi,chickasaw,17458
mississippi,choctaw,8506
mississippi,claiborne,9681
mississippi,clarke,16688
mississippi,clay,20633
mississippi,coahoma,26099
mississippi,copiah,29324
mississippi,covington,19571
mississippi,desoto,161536
mississippi,forrest,75378
mississippi,franklin,8055
mississippi,george,22579
mississippi,greene,14352
mississippi,grenada,21886
mississippi,hancock,44044
mississippi,harrison,188110
mississippi,hinds,246335
mississippi,holmes,19207
mississippi,humphreys,9399
mississippi,issaquena,1556
mississippi,itawamba,23362
mississippi,jackson,139430
mississippi,jasper,17033
mississippi,jefferson,7743
mississippi,jefferson davis,12364
mississippi,jones,67868
mississippi,kemper,10391
mississippi,lafayette,47586
mississippi,lamar,55580
mississippi,lauderdale,80204
mississippi,lawrence,12832
mississippi,leake,23563
mississippi,lee,83235
mississippi,leflore,32196
mississippi,lincoln,34850
mississippi,lowndes,59584
mississippi,madison,95481
mississippi,marion,26810
mississippi,marshall,37019
mississippi,monroe,36912
mississippi,montgomery,10866
mississippi,neshoba,29682
mississippi,newton,21687
mississippi,noxubee,11511
mississippi,oktibbeha,47486
mississippi,panola,34675
mississippi,pearl river,55886
mississippi,perry,12217
mississippi,pike,40300
mississippi,pontotoc,29962
mississippi,prentiss,25384
mississippi,quitman,8171
mississippi,rankin,142136
mississippi,scott,28207
mississippi,sharkey,4835
mississippi,simpson,27476
mississippi,smith,16425
mississippi,stone,17657
mississippi,sunflower,29230
mississippi,tallahatchie,15262
mississippi,tate,28580
mississippi,tippah,22095
mississippi,tishomingo,19573
mississippi,tunica,10716
mississippi,union,27175
mississippi,walthall,15405
mississippi,warren,48419
mississippi,washington,51010
mississippi,wayne,20754
mississippi,webster,10162
mississippi,wilkinson,9778
mississippi,winston,19160
mississippi,yalobusha,12647
mississippi,yazoo,28220
missouri,adair,25542
missouri,andrew,17205
missouri,atchison,5664
missouri,audrain,25617
missouri,barry,35680
missouri,barton,12428
missouri,bates,17003
missouri,benton,19021
missouri,bollinger,12389
missouri,boone,163266
missouri,buchanan,89162
missouri,butler,42792
missouri,caldwell,9302
missouri,callaway,44157
missouri,camden,43731
missouri,cape girardeau,75690
missouri,carroll,9279
missouri,carter,6225
missouri,cass,99394
missouri,cedar,13941
missouri,chariton,7759
missouri,christian,77474
missouri,clark,7082
missouri,clay,222048
missouri,clinton,20687
missouri,cole,75813
missouri,cooper,17542
missouri,crawford,24753
missouri,dade,7811
missouri,dallas,16825
missouri,daviess,8341
missouri,dekalb,12878
missouri,dent,15595
missouri,douglas,13690
missouri,dunklin,31970
missouri,franklin,101440
missouri,gasconade,15160
missouri,gentry,6773
missouri,greene,275671
missouri,grundy,10256
missouri,harrison,8901
missouri,henry,22234
missouri,hickory,9554
missouri,holt,4840
missouri,howard,10160
missouri,howell,40330
missouri,iron,10563
missouri,jackson,672784
missouri,jasper,116493
missouri,jefferson,218628
missouri,johnson,52964
missouri,knox,4111
missouri,laclede,35507
missouri,lafayette,33278
missouri,lawrence,38559
missouri,lewis,10203
missouri,lincoln,52637
missouri,linn,12668
missouri,livingston,15068
missouri,mcdonald,22970
missouri,macon,15532
missouri,madison,12334
missouri,maries,9140
missouri,marion,28703
missouri,mercer,3763
missouri,miller,24822
missouri,mississippi,14231
missouri,moniteau,15587
missouri,monroe,8876
missouri,montgomery,12181
missouri,morgan,20479
missouri,new madrid,18780
missouri,newton,58314
missouri,nodaway,23305
missouri,oregon,10885
missouri,osage,13857
missouri,ozark,9672
missouri,pemiscot,18288
missouri,perry,18986
missouri,pettis,42044
missouri,phelps,44825
missouri,pike,18574
missouri,platte,89567
missouri,polk,31035
missouri,pulaski,51620
missouri,putnam,4976
missouri,ralls,10198
missouri,randolph,25388
missouri,ray,23422
missouri,reynolds,6682
missouri,ripley,14070
missouri,st. charles,360695
missouri,st. clair,9693
missouri,ste. genevieve,18066
missouri,st. francois,65246
missouri,st. louis,999147
missouri,saline,23232
missouri,schuyler,4397
missouri,scotland,4843
missouri,scott,39192
missouri,shannon,8407
missouri,shelby,6328
missouri,stoddard,29902
missouri,stone,31968
missouri,sullivan,6667
missouri,taney,51596
missouri,texas,25840
missouri,vernon,20958
missouri,warren,32440
missouri,washington,25120
missouri,wayne,13444
missouri,webster,36183
missouri,worth,2146
missouri,wright,18732
missouri,st. louis,318527
montana,beaverhead,9228
montana,big horn,12872
montana,blaine,6514
montana,broadwater,5575
montana,carbon,10057
montana,carter,1276
montana,cascade,81248
montana,chouteau,5811
montana,custer,11706
montana,daniels,1734
montana,dawson,9022
montana,deer lodge,9277
montana,fallon,3051
montana,fergus,11507
montana,flathead,90967
montana,gallatin,90339
montana,garfield,1100
montana,glacier,13422
montana,golden valley,769
montana,granite,3083
montana,hill,16157
montana,jefferson,11360
montana,judith basin,2052
montana,lake,28794
montana,lewis and clark,63432
montana,liberty,2326
montana,lincoln,19594
montana,mccone,1808
montana,madison,7688
montana,meagher,1900
montana,mineral,4203
montana,missoula,109402
montana,musselshell,4597
montana,park,15655
montana,petroleum,566
montana,phillips,4203
montana,pondera,6147
montana,powder river,1639
montana,powell,7067
montana,prairie,1193
montana,ravalli,40311
montana,richland,9961
montana,roosevelt,10477
montana,rosebud,9261
montana,sanders,11421
montana,sheridan,3447
montana,silver bow,34164
montana,stillwater,9096
montana,sweet grass,3661
montana,teton,6082
montana,toole,5210
montana,treasure,698
montana,valley,7423
montana,wheatland,2142
montana,wibaux,899
montana,yellowstone,148191
nebraska,adams,31299
nebraska,antelope,6655
nebraska,arthur,490
nebraska,banner,778
nebraska,blaine,584
nebraska,boone,5473
nebraska,box butte,11345
nebraska,boyd,2025
nebraska,brown,3183
nebraska,buffalo,46330
nebraska,burt,6829
nebraska,butler,8345
nebraska,cass,25214
nebraska,cedar,8807
nebraska,chase,3964
nebraska,cherry,5722
nebraska,cheyenne,10038
nebraska,clay,6497
nebraska,colfax,10453
nebraska,cuming,9140
nebraska,custer,10904
nebraska,dakota,20869
nebraska,dawes,9176
nebraska,dawson,24267
nebraska,deuel,1962
nebraska,dixon,5982
nebraska,dodge,36590
nebraska,douglas,518271
nebraska,dundy,1996
nebraska,fillmore,5867
nebraska,franklin,3196
nebraska,frontier,2693
nebraska,furnas,4922
nebraska,gage,22209
nebraska,garden,2011
nebraska,garfield,2106
nebraska,gosper,2020
nebraska,grant,608
nebraska,greeley,2515
nebraska,hall,58681
nebraska,hamilton,9096
nebraska,harlan,3419
nebraska,hayes,1037
nebraska,hitchcock,2898
nebraska,holt,10418
nebraska,hooker,689
nebraska,howard,6294
nebraska,jefferson,7572
nebraska,johnson,5188
nebraska,kearney,6514
nebraska,keith,8284
nebraska,keya paha,742
nebraska,kimball,3789
nebraska,knox,8648
nebraska,lancaster,286425
nebraska,lincoln,36212
nebraska,logan,724
nebraska,loup,534
nebraska,mcpherson,348
nebraska,madison,34766
nebraska,merrick,7779
nebraska,morrill,4993
nebraska,nance,3730
nebraska,nemaha,7224
nebraska,nuckolls,4490
nebraska,otoe,15729
nebraska,pawnee,2753
nebraska,perkins,2947
nebraska,phelps,9184
nebraska,pierce,7231
nebraska,platte,32195
nebraska,polk,5371
nebraska,red willow,11013
nebraska,richardson,8355
nebraska,rock,1540
nebraska,saline,14278
nebraska,sarpy,159413
nebraska,saunders,20696
nebraska,scotts bluff,36835
nebraska,seward,16729
nebraska,sheridan,5432
nebraska,sherman,3133
nebraska,sioux,1262
nebraska,stanton,6139
nebraska,thayer,5195
nebraska,thomas,831
nebraska,thurston,6926
nebraska,valley,4322
nebraska,washington,20201
nebraska,wayne,9542
nebraska,webster,3773
nebraska,wheeler,725
nebraska,york,13727
nevada,churchill,24779
nevada,clark,1954773
nevada,douglas,47056
nevada,elko,49133
nevada,esmeralda,916
nevada,eureka,1809
nevada,humboldt,16511
nevada,lander,5751
nevada,lincoln,5282
nevada,lyon,51797
nevada,mineral,4718
nevada,nye,43801
nevada,pershing,6707
nevada,storey,4010
nevada,washoe,422010
nevada,white pine,9967
nevada,carson city,55184
new hampshire,belknap,60206
new hampshire,carroll,47761
new hampshire,cheshire,77106
new hampshire,coos,32872
new hampshire,grafton,88985
new hampshire,hillsborough,401101
new hampshire,merrimack,146742
new hampshire,rockingham,295872
new hampshire,strafford,123295
new hampshire,sullivan,43534
new jersey,atlantic,274402
new jersey,bergen,906781
new jersey,burlington,449117
new jersey,camden,513660
new jersey,cape may,96987
new jersey,cumberland,156864
new jersey,essex,783840
new jersey,gloucester,288187
new jersey,hudson,636194
new jersey,hunterdon,127996
new jersey,mercer,366442
new jersey,middlesex,811064
new jersey,monmouth,629263
new jersey,morris,493472
new jersey,ocean,575961
new jersey,passaic,500168
new jersey,salem,66007
new jersey,somerset,323650
new jersey,sussex,148962
new jersey,union,536383
new jersey,warren,108488
new mexico,bernalillo,661924
new mexico,catron,3686
new mexico,chaves,65343
new mexico,cibola,27293
new mexico,colfax,13614
new mexico,curry,48101
new mexico,de baca,2069
new mexico,dona ana,208794
new mexico,eddy,53693
new mexico,grant,29602
new mexico,guadalupe,4655
new mexico,harding,612
new mexico,hidalgo,4903
new mexico,lea,64670
new mexico,lincoln,20440
new mexico,los alamos,18008
new mexico,luna,25162
new mexico,mckinley,71888
new mexico,mora,4830
new mexico,otero,64176
new mexico,quay,8956
new mexico,rio arriba,40201
new mexico,roosevelt,19840
new mexico,sandoval,131302
new mexico,san juan,128600
new mexico,san miguel,29225
new mexico,santa fe,144209
new mexico,sierra,11956
new mexico,socorro,17843
new mexico,taos,32775
new mexico,torrance,16285
new mexico,union,4460
new mexico,valencia,76172
new york,albany,304511
new york,allegany,48837
new york,bronx,1386364
new york,broome,199928
new york,cattaraugus,80166
new york,cayuga,79996
new york,chautauqua,134599
new york,chemung,88779
new york,chenango,50490
new york,clinton,82054
new york,columbia,62881
new york,cortland,49453
new york,delaware,47851
new york,dutchess,297291
new york,erie,919542
new york,essex,39309
new york,franklin,51698
new york,fulton,55358
new york,genesee,59992
new york,greene,49122
new york,hamilton,4835
new york,herkimer,64475
new york,jefferson,117011
new york,kings,2512740
new york,lewis,27062
new york,livingston,65215
new york,madison,72977
new york,monroe,744746
new york,montgomery,50025
new york,nassau,1338712
new york,new york,1596735
new york,niagara,215869
new york,oneida,234336
new york,onondaga,466179
new york,ontario,107728
new york,orange,372951
new york,orleans,42995
new york,oswego,122055
new york,otsego,62147
new york,putnam,99702
new york,queens,2235008
new york,rensselaer,159464
new york,richmond,468374
new york,rockland,312011
new york,st. lawrence,112060
new york,saratoga,219832
new york,schenectady,154466
new york,schoharie,32617
new york,schuyler,18472
new york,seneca,35306
new york,steuben,98992
new york,suffolk,1492360
new york,sullivan,77340
new york,tioga,51067
new york,tompkins,101570
new york,ulster,182516
new york,warren,65700
new york,washington,63108
new york,wayne,93476
new york,westchester,950227
new york,wyoming,42092
new york,yates,25351
north carolina,alamance,151170
north carolina,alexander,37014
north carolina,alleghany,11069
north carolina,anson,26699
north carolina,ashe,27099
north carolina,avery,17815
north carolina,beaufort,47542
north carolina,bertie,21035
north carolina,bladen,34922
north carolina,brunswick,107925
north carolina,buncombe,239000
north carolina,burke,90821
north carolina,cabarrus,178396
north carolina,caldwell,82493
north carolina,camden,9965
north carolina,carteret,66415
north carolina,caswell,23615
north carolina,catawba,154201
north carolina,chatham,63896
north carolina,cherokee,27304
north carolina,chowan,14825
north carolina,clay,10575
north carolina,cleveland,97890
north carolina,columbus,57612
north carolina,craven,102904
north carolina,cumberland,319329
north carolina,currituck,23677
north carolina,dare,34019
north carolina,davidson,162628
north carolina,davie,41183
north carolina,duplin,58510
north carolina,durham,269283
north carolina,edgecombe,56253
north carolina,forsyth,351368
north carolina,franklin,60470
north carolina,gaston,206291
north carolina,gates,12069
north carolina,graham,8766
north carolina,granville,59666
north carolina,greene,21386
north carolina,guilford,489576
north carolina,halifax,54693
north carolina,harnett,115559
north carolina,haywood,58915
north carolina,henderson,106577
north carolina,hertford,24525
north carolina,hoke,47368
north carolina,hyde,5810
north carolina,iredell,159614
north carolina,jackson,39985
north carolina,johnston,169122
north carolina,jones,10144
north carolina,lee,57876
north carolina,lenoir,59372
north carolina,lincoln,78052
north carolina,mcdowell,44926
north carolina,macon,33815
north carolina,madison,20727
north carolina,martin,24298
north carolina,mecklenburg,926873
north carolina,mitchell,15539
north carolina,montgomery,27741
north carolina,moore,88314
north carolina,nash,95545
north carolina,new hanover,203276
north carolina,northampton,21959
north carolina,onslow,176461
north carolina,orange,133958
north carolina,pamlico,13145
north carolina,pasquotank,40551
north carolina,pender,52447
north carolina,perquimans,13414
north carolina,person,39322
north carolina,pitt,167951
north carolina,polk,20386
north carolina,randolph,141568
north carolina,richmond,46608
north carolina,robeson,133920
north carolina,rockingham,93264
north carolina,rowan,138189
north carolina,rutherford,67446
north carolina,sampson,63408
north carolina,scotland,36266
north carolina,stanly,60489
north carolina,stokes,47224
north carolina,surry,73551
north carolina,swain,13995
north carolina,transylvania,32825
north carolina,tyrrell,4367
north carolina,union,201617
north carolina,vance,45183
north carolina,wake,905573
north carolina,warren,20860
north carolina,washington,13085
north carolina,watauga,51103
north carolina,wayne,122419
north carolina,wilkes,69265
north carolina,wilson,81020
north carolina,yadkin,38254
north carolina,yancey,17814
north dakota,adams,2325
north dakota,barnes,11047
north dakota,benson,6677
north dakota,billings,838
north dakota,bottineau,6449
north dakota,bowman,3154
north dakota,burke,2011
north dakota,burleigh,81941
north dakota,cass,150240
north dakota,cavalier,3974
north dakota,dickey,5280
north dakota,divide,2095
north dakota,dunn,3648
north dakota,eddy,2393
north dakota,emmons,3544
north dakota,foster,3368
north dakota,golden valley,1646
north dakota,grand forks,66890
north dakota,grant,2380
north dakota,griggs,2393
north dakota,hettinger,2502
north dakota,kidder,2426
north dakota,lamoure,4141
north dakota,logan,1972
north dakota,mchenry,5478
north dakota,mcintosh,2813
north dakota,mckenzie,6692
north dakota,mclean,9020
north dakota,mercer,8400
north dakota,morton,27439
north dakota,mountrail,7830
north dakota,nelson,3115
north dakota,oliver,1875
north dakota,pembina,7383
north dakota,pierce,4378
north dakota,ramsey,11450
north dakota,ransom,5498
north dakota,renville,2468
north dakota,richland,16295
north dakota,rolette,14015
north dakota,sargent,3876
north dakota,sheridan,1282
north dakota,sioux,4193
north dakota,slope,768
north dakota,stark,24682
north dakota,steele,1976
north dakota,stutsman,20965
north dakota,towner,2264
north dakota,traill,8105
north dakota,walsh,11131
north dakota,ward,62013
north dakota,wells,4228
north dakota,williams,23287
ohio,adams,28524
ohio,allen,106079
ohio,ashland,53203
ohio,ashtabula,101262
ohio,athens,64592
ohio,auglaize,45934
ohio,belmont,70182
ohio,brown,44666
ohio,butler,368029
ohio,carroll,28828
ohio,champaign,39982
ohio,clark,138278
ohio,clermont,197543
ohio,clinton,42161
ohio,columbiana,107598
ohio,coshocton,36880
ohio,crawford,43623
ohio,cuyahoga,1278024
ohio,darke,52776
ohio,defiance,38975
ohio,delaware,174454
ohio,erie,76952
ohio,fairfield,146138
ohio,fayette,28931
ohio,franklin,1167484
ohio,fulton,42635
ohio,gallia,30877
ohio,geauga,93485
ohio,greene,161936
ohio,guernsey,40056
ohio,hamilton,801350
ohio,hancock,75043
ohio,hardin,31986
ohio,harrison,15818
ohio,henry,28246
ohio,highland,43454
ohio,hocking,29372
ohio,holmes,42501
ohio,huron,59628
ohio,jackson,33134
ohio,jefferson,69343
ohio,knox,60791
ohio,lake,229873
ohio,lawrence,62441
ohio,licking,166135
ohio,logan,45816
ohio,lorain,301108
ohio,lucas,441198
ohio,madison,43213
ohio,mahoning,238352
ohio,marion,66514
ohio,medina,172334
ohio,meigs,23664
ohio,mercer,40866
ohio,miami,102657
ohio,monroe,14679
ohio,montgomery,535626
ohio,morgan,15042
ohio,morrow,34895
ohio,muskingum,85996
ohio,noble,14643
ohio,ottawa,41445
ohio,paulding,19522
ohio,perry,36086
ohio,pickaway,55795
ohio,pike,28652
ohio,portage,161178
ohio,preble,42240
ohio,putnam,34445
ohio,richland,124286
ohio,ross,77741
ohio,sandusky,60842
ohio,scioto,79122
ohio,seneca,56630
ohio,shelby,49359
ohio,stark,375593
ohio,summit,541788
ohio,trumbull,209942
ohio,tuscarawas,92532
ohio,union,52153
ohio,van wert,28808
ohio,vinton,13397
ohio,warren,213146
ohio,washington,61751
ohio,wayne,114644
ohio,williams,37779
ohio,wood,126254
ohio,wyandot,22626
oklahoma,adair,22470
oklahoma,alfalfa,5631
oklahoma,atoka,14133
oklahoma,beaver,5587
oklahoma,beckham,22519
oklahoma,blaine,10651
oklahoma,bryan,42494
oklahoma,caddo,29403
oklahoma,canadian,116299
oklahoma,carter,47603
oklahoma,cherokee,47165
oklahoma,choctaw,15172
oklahoma,cimarron,2451
oklahoma,cleveland,256550
oklahoma,coal,5906
oklahoma,comanche,123101
oklahoma,cotton,6171
oklahoma,craig,14922
oklahoma,creek,69934
oklahoma,custer,27583
oklahoma,delaware,41332
oklahoma,dewey,4775
oklahoma,ellis,4095
oklahoma,garfield,60272
oklahoma,garvin,27471
oklahoma,grady,52451
oklahoma,grant,4536
oklahoma,greer,6185
oklahoma,harmon,2888
oklahoma,harper,3672
oklahoma,haskell,12761
oklahoma,hughes,13762
oklahoma,jackson,26275
oklahoma,jefferson,6445
oklahoma,johnston,10938
oklahoma,kay,46288
oklahoma,kingfisher,14965
oklahoma,kiowa,9421
oklahoma,latimer,11099
oklahoma,le flore,50056
oklahoma,lincoln,34106
oklahoma,logan,41982
oklahoma,love,9404
oklahoma,mcclain,34471
oklahoma,mccurtain,33144
oklahoma,mcintosh,20266
oklahoma,major,7563
oklahoma,marshall,15774
oklahoma,mayes,41162
oklahoma,murray,13460
oklahoma,muskogee,70635
oklahoma,noble,11540
oklahoma,nowata,10627
oklahoma,okfuskee,12203
oklahoma,oklahoma,721088
oklahoma,okmulgee,39770
oklahoma,osage,47650
oklahoma,ottawa,31940
oklahoma,pawnee,16573
oklahoma,payne,77125
oklahoma,pittsburg,45570
oklahoma,pontotoc,37438
oklahoma,pottawatomie,69676
oklahoma,pushmataha,11449
oklahoma,roger mills,3678
oklahoma,rogers,87031
oklahoma,seminole,25394
oklahoma,sequoyah,41945
oklahoma,stephens,44848
oklahoma,texas,20620
oklahoma,tillman,7981
oklahoma,tulsa,602692
oklahoma,wagoner,73067
oklahoma,washington,51112
oklahoma,washita,11616
oklahoma,woods,8741
oklahoma,woodward,20232
oregon,baker,16092
oregon,benton,85501
oregon,clackamas,377206
oregon,clatsop,37068
oregon,columbia,49317
oregon,coos,62937
oregon,crook,21102
oregon,curry,22344
oregon,deschutes,158884
oregon,douglas,107391
oregon,gilliam,1904
oregon,grant,7366
oregon,harney,7359
oregon,hood river,22207
oregon,jackson,203613
oregon,jefferson,21746
oregon,josephine,82636
oregon,klamath,66350
oregon,lake,7886
oregon,lane,351794
oregon,lincoln,45992
oregon,linn,116871
oregon,malheur,31057
oregon,marion,315391
oregon,morrow,11146
oregon,multnomah,737110
oregon,polk,75448
oregon,sherman,1865
oregon,tillamook,25254
oregon,umatilla,75846
oregon,union,25670
oregon,wallowa,6938
oregon,wasco,25113
oregon,washington,531818
oregon,wheeler,1287
oregon,yamhill,99119
pennsylvania,adams,101352
pennsylvania,allegheny,1224772
pennsylvania,armstrong,68942
pennsylvania,beaver,170614
pennsylvania,bedford,49680
pennsylvania,berks,411094
pennsylvania,blair,127133
pennsylvania,bradford,62628
pennsylvania,bucks,625485
pennsylvania,butler,183946
pennsylvania,cambria,143305
pennsylvania,cameron,5058
pennsylvania,carbon,65101
pennsylvania,centre,153758
pennsylvania,chester,499548
pennsylvania,clarion,39991
pennsylvania,clearfield,81668
pennsylvania,clinton,39261
pennsylvania,columbia,66984
pennsylvania,crawford,88492
pennsylvania,cumberland,235314
pennsylvania,dauphin,267891
pennsylvania,delaware,558874
pennsylvania,elk,31981
pennsylvania,erie,280181
pennsylvania,fayette,136914
pennsylvania,forest,7664
pennsylvania,franklin,149554
pennsylvania,fulton,14829
pennsylvania,greene,38614
pennsylvania,huntingdon,45931
pennsylvania,indiana,88648
pennsylvania,jefferson,45051
pennsylvania,juniata,24664
pennsylvania,lackawanna,214353
pennsylvania,lancaster,519913
pennsylvania,lawrence,90885
pennsylvania,lebanon,133578
pennsylvania,lehigh,350165
pennsylvania,luzerne,320555
pennsylvania,lycoming,116447
pennsylvania,mckean,43451
pennsylvania,mercer,116474
pennsylvania,mifflin,46694
pennsylvania,monroe,169346
pennsylvania,montgomery,799886
pennsylvania,montour,18243
pennsylvania,northampton,297519
pennsylvania,northumberland,94441
pennsylvania,perry,45791
pennsylvania,philadelphia,1525811
pennsylvania,pike,57437
pennsylvania,potter,17466
pennsylvania,schuylkill,147935
pennsylvania,snyder,39620
pennsylvania,somerset,77638
pennsylvania,sullivan,6453
pennsylvania,susquehanna,43171
pennsylvania,tioga,42081
pennsylvania,union,44944
pennsylvania,venango,54865
pennsylvania,warren,41613
pennsylvania,washington,207916
pennsylvania,wayne,52299
pennsylvania,westmoreland,364877
pennsylvania,wyoming,28221
pennsylvania,york,434579
rhode island,bristol,49796
rhode island,kent,166066
rhode island,newport,82503
rhode island,providence,627414
rhode island,washington,126692
south carolina,abbeville,25387
south carolina,aiken,160169
south carolina,allendale,10399
south carolina,anderson,187228
south carolina,bamberg,15941
south carolina,barnwell,22523
south carolina,beaufort,162316
south carolina,berkeley,179773
south carolina,calhoun,15134
south carolina,charleston,352548
south carolina,cherokee,55351
south carolina,chester,33028
south carolina,chesterfield,46462
south carolina,clarendon,34746
south carolina,colleton,38665
south carolina,darlington,68500
south carolina,dillon,31733
south carolina,dorchester,136836
south carolina,edgefield,26763
south carolina,fairfield,23804
south carolina,florence,136714
south carolina,georgetown,60285
south carolina,greenville,452931
south carolina,greenwood,69531
south carolina,hampton,20987
south carolina,horry,270943
south carolina,jasper,24792
south carolina,kershaw,61583
south carolina,lancaster,76364
south carolina,laurens,66623
south carolina,lee,19160
south carolina,lexington,262424
south carolina,mccormick,10140
south carolina,marion,33038
south carolina,marlboro,28750
south carolina,newberry,37432
south carolina,oconee,74038
south carolina,orangeburg,92229
south carolina,pickens,119167
south carolina,richland,384596
south carolina,saluda,19758
south carolina,spartanburg,284540
south carolina,sumter,107279
south carolina,union,28804
south carolina,williamsburg,34361
south carolina,york,226576
south dakota,aurora,2726
south dakota,beadle,17372
south dakota,bennett,3432
south dakota,bon homme,7041
south dakota,brookings,31973
south dakota,brown,36562
south dakota,brule,5236
south dakota,buffalo,1950
south dakota,butte,10122
south dakota,campbell,1419
south dakota,charles mix,9127
south dakota,clark,3653
south dakota,clay,13966
south dakota,codington,27284
south dakota,corson,4046
south dakota,custer,8219
south dakota,davison,19513
south dakota,day,5673
south dakota,deuel,4376
south dakota,dewey,5358
south dakota,douglas,2992
south dakota,edmunds,4050
south dakota,fall river,7028
south dakota,faulk,2374
south dakota,grant,7324
south dakota,gregory,4251
south dakota,haakon,1852
south dakota,hamlin,5875
south dakota,hand,3394
south dakota,hanson,3366
south dakota,harding,1367
south dakota,hughes,17064
south dakota,hutchinson,7283
south dakota,hyde,1437
south dakota,jackson,3067
south dakota,jerauld,2047
south dakota,jones,1084
south dakota,kingsbury,5159
south dakota,lake,11364
south dakota,lawrence,24063
south dakota,lincoln,45055
south dakota,lyman,3752
south dakota,mccook,5592
south dakota,mcpherson,2485
south dakota,marshall,4631
south dakota,meade,25456
south dakota,mellette,2057
south dakota,miner,2365
south dakota,minnehaha,170342
south dakota,moody,6474
south dakota,pennington,101240
south dakota,perkins,2890
south dakota,potter,2327
south dakota,roberts,10158
south dakota,sanborn,2357
south dakota,shannon,13683
south dakota,spink,6483
south dakota,stanley,2940
south dakota,sully,1382
south dakota,todd,9711
south dakota,tripp,5608
south dakota,turner,8344
south dakota,union,14377
south dakota,walworth,5443
south dakota,yankton,22434
south dakota,ziebach,2796
tennessee,anderson,75039
tennessee,bedford,45060
tennessee,benton,16420
tennessee,bledsoe,12898
tennessee,blount,123086
tennessee,bradley,99229
tennessee,campbell,40629
tennessee,cannon,13797
tennessee,carroll,28486
tennessee,carter,57531
tennessee,cheatham,39103
tennessee,chester,17043
tennessee,claiborne,32025
tennessee,clay,7842
tennessee,cocke,35631
tennessee,coffee,52853
tennessee,crockett,14567
tennessee,cumberland,56144
tennessee,davidson,629113
tennessee,decatur,11732
tennessee,dekalb,18770
tennessee,dickson,49704
tennessee,dyer,38234
tennessee,fayette,38370
tennessee,fentress,17945
tennessee,franklin,40972
tennessee,gibson,49594
tennessee,giles,29439
tennessee,grainger,22613
tennessee,greene,68755
tennessee,grundy,13751
tennessee,hamblen,62528
tennessee,hamilton,337023
tennessee,hancock,6759
tennessee,hardeman,27193
tennessee,hardin,25987
tennessee,hawkins,56725
tennessee,haywood,18673
tennessee,henderson,27835
tennessee,henry,32271
tennessee,hickman,24481
tennessee,houston,8375
tennessee,humphreys,18428
tennessee,jackson,11526
tennessee,jefferson,51541
tennessee,johnson,18199
tennessee,knox,433207
tennessee,lake,7780
tennessee,lauderdale,27772
tennessee,lawrence,41779
tennessee,lewis,12050
tennessee,lincoln,33295
tennessee,loudon,48586
tennessee,mcminn,52325
tennessee,mcnairy,26001
tennessee,macon,22265
tennessee,madison,97976
tennessee,marion,28184
tennessee,marshall,30585
tennessee,maury,80965
tennessee,meigs,11696
tennessee,monroe,44680
tennessee,montgomery,173138
tennessee,moore,6349
tennessee,morgan,21882
tennessee,obion,31721
tennessee,overton,22040
tennessee,perry,7856
tennessee,pickett,5108
tennessee,polk,16756
tennessee,putnam,72172
tennessee,rhea,31817
tennessee,roane,54027
tennessee,robertson,66143
tennessee,rutherford,263815
tennessee,scott,22196
tennessee,sequatchie,14173
tennessee,sevier,90218
tennessee,shelby,929437
tennessee,smith,19157
tennessee,stewart,13262
tennessee,sullivan,156675
tennessee,sumner,161206
tennessee,tipton,61038
tennessee,trousdale,7827
tennessee,unicoi,18287
tennessee,union,19179
tennessee,van buren,5552
tennessee,warren,39767
tennessee,washington,122840
tennessee,wayne,17015
tennessee,weakley,34802
tennessee,white,25863
tennessee,williamson,184225
tennessee,wilson,114618
texas,anderson,58269
texas,andrews,15006
texas,angelina,86550
texas,aransas,23391
texas,archer,8944
texas,armstrong,1820
texas,atascosa,45091
texas,austin,28372
texas,bailey,7096
texas,bandera,20477
texas,bastrop,74023
texas,baylor,3706
texas,bee,32083
texas,bell,310155
texas,bexar,1719902
texas,blanco,10425
texas,borden,642
texas,bosque,18114
texas,bowie,92460
texas,brazoria,313813
texas,brazos,194087
texas,brewster,9175
texas,briscoe,1674
texas,brooks,7236
texas,brown,38018
texas,burleson,17160
texas,burnet,42946
texas,caldwell,38152
texas,calhoun,21366
texas,callahan,13521
texas,cameron,405819
texas,camp,12389
texas,carson,6215
texas,cass,30324
texas,castro,7984
texas,chambers,34562
texas,cherokee,50690
texas,childress,7047
texas,clay,10718
texas,cochran,3087
texas,coke,3298
texas,coleman,8817
texas,collin,788580
texas,collingsworth,3050
texas,colorado,20784
texas,comal,108985
texas,comanche,13875
texas,concho,4073
texas,cooke,38427
texas,coryell,75728
texas,cottle,1600
texas,crane,4359
texas,crockett,3669
texas,crosby,6100
texas,culberson,2386
texas,dallam,6734
texas,dallas,2379214
texas,dawson,13761
texas,deaf smith,19275
texas,delta,5240
texas,denton,667934
texas,dewitt,20156
texas,dickens,2399
texas,dimmit,10054
texas,donley,3652
texas,duval,11821
texas,eastland,18519
texas,ector,138193
texas,edwards,2023
texas,ellis,149712
texas,el paso,801115
texas,erath,38192
texas,falls,17756
texas,fannin,33867
texas,fayette,24557
texas,fisher,3963
texas,floyd,6439
texas,foard,1273
texas,fort bend,587666
texas,franklin,10593
texas,freestone,19631
texas,frio,17265
texas,gaines,17572
texas,galveston,292874
texas,garza,6295
texas,gillespie,24777
texas,glasscock,1255
texas,goliad,7223
texas,gonzales,19773
texas,gray,22731
texas,grayson,120641
texas,gregg,121451
texas,grimes,26564
texas,guadalupe,131945
texas,hale,36153
texas,hall,3337
texas,hamilton,8448
texas,hansford,5556
texas,hardeman,4124
texas,hardin,54497
texas,harris,4101752
texas,harrison,65958
texas,hartley,6015
texas,haskell,5891
texas,hays,158464
texas,hemphill,3863
texas,henderson,78558
texas,hidalgo,774820
texas,hill,35079
texas,hockley,22988
texas,hood,51161
texas,hopkins,35088
texas,houston,23512
texas,howard,34927
texas,hudspeth,3407
texas,hunt,85955
texas,hutchinson,21992
texas,irion,1596
texas,jack,9027
texas,jackson,14075
texas,jasper,35703
texas,jeff davis,2319
texas,jefferson,251627
texas,jim hogg,5257
texas,jim wells,41014
texas,johnson,151174
texas,jones,20137
texas,karnes,14936
texas,kaufman,103385
texas,kendall,33745
texas,kenedy,451
texas,kent,829
texas,kerr,49469
texas,kimble,4577
texas,king,227
texas,kinney,3574
texas,kleberg,31925
texas,knox,3713
texas,lamar,49740
texas,lamb,13996
texas,lampasas,19837
texas,la salle,6850
texas,lavaca,19269
texas,lee,16591
texas,leon,16827
texas,liberty,75662
texas,limestone,23350
texas,lipscomb,3324
texas,live oak,11526
texas,llano,19115
texas,loving,85
texas,lubbock,278339
texas,lynn,5886
texas,mcculloch,8281
texas,mclennan,234626
texas,mcmullen,696
texas,madison,13590
texas,marion,10544
texas,martin,4804
texas,mason,3978
texas,matagorda,36653
texas,maverick,54107
texas,medina,46009
texas,menard,2232
texas,midland,138472
texas,milam,24691
texas,mills,4880
texas,mitchell,9367
texas,montague,19737
texas,montgomery,458339
texas,moore,21765
texas,morris,12914
texas,motley,1153
texas,nacogdoches,64647
texas,navarro,47739
texas,newton,14372
texas,nolan,15104
texas,nueces,340568
texas,ochiltree,10314
texas,oldham,2048
texas,orange,82306
texas,palo pinto,28010
texas,panola,23814
texas,parker,116820
texas,parmer,10172
texas,pecos,15510
texas,polk,45618
texas,potter,121099
texas,presidio,7678
texas,rains,10976
texas,randall,121090
texas,reagan,3384
texas,real,3326
texas,red river,12795
texas,reeves,13606
texas,refugio,7352
texas,roberts,992
texas,robertson,16596
texas,rockwall,78749
texas,runnels,10473
texas,rusk,53211
texas,sabine,10642
texas,san augustine,8898
texas,san jacinto,26482
texas,san patricio,65352
texas,san saba,6037
texas,schleicher,3327
texas,scurry,16855
texas,shackelford,3346
texas,shelby,25602
texas,sherman,3040
texas,smith,209691
texas,somervell,8444
texas,starr,60882
texas,stephens,9561
texas,sterling,1223
texas,stonewall,1447
texas,sutton,4123
texas,swisher,7816
texas,tarrant,1814667
texas,taylor,131425
texas,terrell,1001
texas,terry,12561
texas,throckmorton,1626
texas,titus,32045
texas,tom green,110434
texas,travis,1034842
texas,trinity,14466
texas,tyler,21638
texas,upshur,39386
texas,upton,3300
texas,uvalde,26434
texas,val verde,48578
texas,van zandt,52507
texas,victoria,87188
texas,walker,67447
texas,waller,42894
texas,ward,10705
texas,washington,33628
texas,webb,250320
texas,wharton,41153
texas,wheeler,5414
texas,wichita,131019
texas,wilbarger,13451
texas,willacy,21983
texas,williamson,426296
texas,wilson,42999
texas,winkler,7137
texas,wise,59351
texas,wood,41927
texas,yoakum,7918
texas,young,18368
texas,zapata,14014
texas,zavala,11753
utah,beaver,6527
utah,box elder,49660
utah,cache,112095
utah,carbon,21153
utah,daggett,897
utah,davis,306664
utah,duchesne,18537
utah,emery,10902
utah,garfield,5107
utah,grand,9183
utah,iron,45984
utah,juab,10233
utah,kane,7093
utah,millard,12436
utah,morgan,9485
utah,piute,1699
utah,rich,2264
utah,salt lake,1032226
utah,san juan,14707
utah,sanpete,27645
utah,sevier,20759
utah,summit,36598
utah,tooele,58158
utah,uintah,32809
utah,utah,516571
utah,wasatch,23661
utah,washington,139484
utah,wayne,2756
utah,weber,230940
vermont,addison,36814
vermont,bennington,36990
vermont,caledonia,31170
vermont,chittenden,156696
vermont,essex,6316
vermont,franklin,47853
vermont,grand isle,7032
vermont,lamoille,24471
vermont,orange,28980
vermont,orleans,27198
vermont,rutland,61599
vermont,washington,59462
vermont,windham,44310
vermont,windsor,56607
virginia,accomack,33454
virginia,albemarle,99484
virginia,alleghany,16297
virginia,amelia,12674
virginia,amherst,32301
virginia,appomattox,14952
virginia,arlington,209077
virginia,augusta,73662
virginia,bath,4713
virginia,bedford,68750
virginia,bland,6827
virginia,botetourt,33074
virginia,brunswick,17372
virginia,buchanan,24071
virginia,buckingham,17071
virginia,campbell,54797
virginia,caroline,28510
virginia,carroll,29989
virginia,charles city,7226
virginia,charlotte,12546
virginia,chesterfield,316895
virginia,clarke,14143
virginia,craig,5186
virginia,culpeper,46894
virginia,cumberland,9951
virginia,dickenson,15877
virginia,dinwiddie,27926
virginia,essex,11130
virginia,fairfax,1083770
virginia,fauquier,65495
virginia,floyd,15268
virginia,fluvanna,25749
virginia,franklin,56012
virginia,frederick,78397
virginia,giles,17149
virginia,gloucester,36821
virginia,goochland,21496
virginia,grayson,15535
virginia,greene,18453
virginia,greensville,12127
virginia,halifax,36140
virginia,hanover,99964
virginia,henrico,307576
virginia,henry,53971
virginia,highland,2317
virginia,isle of wight,35240
virginia,james city,66939
virginia,king and queen,6968
virginia,king george,23739
virginia,king william,15861
virginia,lancaster,11371
virginia,lee,25528
virginia,loudoun,314980
virginia,louisa,33083
virginia,lunenburg,12838
virginia,madison,13270
virginia,mathews,8965
virginia,mecklenburg,32548
virginia,middlesex,10855
virginia,montgomery,94179
virginia,nelson,15000
virginia,new kent,18460
virginia,northampton,12408
virginia,northumberland,12389
virginia,nottoway,15875
virginia,orange,33625
virginia,page,24038
virginia,patrick,18513
virginia,pittsylvania,63318
virginia,powhatan,28003
virginia,prince edward,23017
virginia,prince george,36013
virginia,prince william,404011
virginia,pulaski,34869
virginia,rappahannock,7440
virginia,richmond,9234
virginia,roanoke,92432
virginia,rockbridge,22357
virginia,rockingham,76353
virginia,russell,28773
virginia,scott,23061
virginia,shenandoah,42076
virginia,smyth,32103
virginia,southampton,18576
virginia,spotsylvania,122854
virginia,stafford,129446
virginia,surry,6988
virginia,sussex,12095
virginia,tazewell,44846
virginia,warren,37567
virginia,washington,54691
virginia,westmoreland,17468
virginia,wise,41361
virginia,wythe,29203
virginia,york,65503
virginia,alexandria,140337
virginia,bedford,6103
virginia,bristol,17747
virginia,buena vista,6679
virginia,charlottesville,43223
virginia,chesapeake,223233
virginia,colonial heights,17426
virginia,covington,5903
virginia,danville,43185
virginia,emporia,5825
virginia,fairfax,22712
virginia,falls church,12300
virginia,franklin,8531
virginia,fredericksburg,24932
virginia,galax,6942
virginia,hampton,137471
virginia,harrisonburg,49043
virginia,hopewell,22501
virginia,lexington,6990
virginia,lynchburg,75657
virginia,manassas,37943
virginia,manassas park,14409
virginia,martinsville,13854
virginia,newport news,180831
virginia,norfolk,243056
virginia,norton,3971
virginia,petersburg,32226
virginia,poquoson,12110
virginia,portsmouth,95786
virginia,radford,16511
virginia,richmond,205348
virginia,roanoke,96742
virginia,salem,24792
virginia,staunton,23906
virginia,suffolk,84216
virginia,virginia beach,439528
virginia,waynesboro,21030
virginia,williamsburg,14207
virginia,winchester,26330
washington,adams,18575
washington,asotin,21658
washington,benton,175424
washington,chelan,72431
washington,clallam,71411
washington,clark,426984
washington,columbia,4001
washington,cowlitz,102138
washington,douglas,38369
washington,ferry,7584
washington,franklin,78680
washington,garfield,2246
washington,grant,88885
washington,grays harbor,72272
washington,island,78707
washington,jefferson,29802
washington,king,1940777
washington,kitsap,251400
washington,kittitas,40954
washington,klickitat,20421
washington,lewis,75399
washington,lincoln,10536
washington,mason,60545
washington,okanogan,40959
washington,pacific,20945
washington,pend oreille,12976
washington,pierce,798528
washington,san juan,15740
washington,skagit,117087
washington,skamania,11053
washington,snohomish,714443
washington,spokane,470375
washington,stevens,43498
washington,thurston,252410
washington,wahkiakum,4003
washington,walla walla,58643
washington,whatcom,201404
washington,whitman,44997
washington,yakima,242454
west virginia,barbour,16472
west virginia,berkeley,104410
west virginia,boone,24617
west virginia,braxton,14531
west virginia,brooke,24021
west virginia,cabell,96240
west virginia,calhoun,7613
west virginia,clay,9432
west virginia,doddridge,8147
west virginia,fayette,46000
west virginia,gilmer,8623
west virginia,grant,11929
west virginia,greenbrier,35572
west virginia,hampshire,23791
west virginia,hancock,30594
west virginia,hardy,13912
west virginia,harrison,68959
west virginia,jackson,29206
west virginia,jefferson,53545
west virginia,kanawha,192572
west virginia,lewis,16389
west virginia,lincoln,21714
west virginia,logan,36508
west virginia,mcdowell,21966
west virginia,marion,56460
west virginia,marshall,32993
west virginia,mason,27242
west virginia,mercer,62251
west virginia,mineral,28049
west virginia,mingo,26660
west virginia,monongalia,96417
west virginia,monroe,13528
west virginia,morgan,17507
west virginia,nicholas,26201
west virginia,ohio,44307
west virginia,pendleton,7666
west virginia,pleasants,7630
west virginia,pocahontas,8750
west virginia,preston,33471
west virginia,putnam,55660
west virginia,raleigh,78852
west virginia,randolph,29361
west virginia,ritchie,10391
west virginia,roane,14884
west virginia,summers,13813
west virginia,taylor,16889
west virginia,tucker,7109
west virginia,tyler,9188
west virginia,upshur,24210
west virginia,wayne,42273
west virginia,webster,9158
west virginia,wetzel,16526
west virginia,wirt,5769
west virginia,wood,86835
west virginia,wyoming,23668
wisconsin,adams,20898
wisconsin,ashland,16113
wisconsin,barron,45882
wisconsin,bayfield,15078
wisconsin,brown,248526
wisconsin,buffalo,13544
wisconsin,burnett,15528
wisconsin,calumet,48960
wisconsin,chippewa,62362
wisconsin,clark,34610
wisconsin,columbia,56596
wisconsin,crawford,16677
wisconsin,dane,490379
wisconsin,dodge,88741
wisconsin,door,27872
wisconsin,douglas,43963
wisconsin,dunn,43788
wisconsin,eau claire,98952
wisconsin,florence,4486
wisconsin,fond du lac,101577
wisconsin,forest,9361
wisconsin,grant,51055
wisconsin,green,36800
wisconsin,green lake,19064
wisconsin,iowa,23712
wisconsin,iron,5978
wisconsin,jackson,20436
wisconsin,jefferson,83751
wisconsin,juneau,26701
wisconsin,kenosha,166373
wisconsin,kewaunee,20600
wisconsin,la crosse,114718
wisconsin,lafayette,16836
wisconsin,langlade,19951
wisconsin,lincoln,28710
wisconsin,manitowoc,81266
wisconsin,marathon,134041
wisconsin,marinette,41704
wisconsin,marquette,15366
wisconsin,menominee,4274
wisconsin,milwaukee,946584
wisconsin,monroe,44714
wisconsin,oconto,37632
wisconsin,oneida,36029
wisconsin,outagamie,176777
wisconsin,ozaukee,86429
wisconsin,pepin,7458
wisconsin,pierce,40842
wisconsin,polk,44094
wisconsin,portage,70027
wisconsin,price,14141
wisconsin,racine,195024
wisconsin,richland,18020
wisconsin,rock,160356
wisconsin,rusk,14670
wisconsin,st. croix,84363
wisconsin,sauk,61953
wisconsin,sawyer,16580
wisconsin,shawano,41820
wisconsin,sheboygan,115377
wisconsin,taylor,20631
wisconsin,trempealeau,28853
wisconsin,vernon,29827
wisconsin,vilas,21489
wisconsin,walworth,102310
wisconsin,washburn,15893
wisconsin,washington,131840
wisconsin,waukesha,389740
wisconsin,waupaca,52377
wisconsin,waushara,24565
wisconsin,winnebago,166984
wisconsin,wood,74591
wyoming,albany,36186
wyoming,big horn,11636
wyoming,campbell,45840
wyoming,carbon,15781
wyoming,converse,13779
wyoming,crook,7036
wyoming,fremont,40103
wyoming,goshen,13277
wyoming,hot springs,4791
wyoming,johnson,8564
wyoming,laramie,91719
wyoming,lincoln,17960
wyoming,natrona,75876
wyoming,niobrara,2478
wyoming,park,28203
wyoming,platte,8677
wyoming,sheridan,29097
wyoming,sublette,10065
wyoming,sweetwater,43890
wyoming,teton,21326
wyoming,uinta,20942
wyoming,washakie,8425
wyoming,weston,7152
